"Scottish Parliamentary Constituency (SPC) population estimates by age and sex, mid-2019",,,,,,,,,,,,,,,,,,,,,,,,,,,,,,,,,,,,,,,,,,,,,,,,,,,,,,,,,,,,,,,,,,,,,,,,,,,,,,,,,,,,,,,,,,,,,,
,,,,,,,,,,,,,,,,,,,,,,,,,,,,,,,,,,,,,,,,,,,,,,,,,,,,,,,,,,,,,,,,,,,,,,,,,,,,,,,,,,,,,,,,,,,,,,
,,,,Age ,,,,,,,,,,,,,,,,,,,,,,,,,,,,,,,Age ,,,,,,,,,,,,,,,,,,,,,,,,,,,,,,Age ,,,,,,,,,,,,,,,,,,,,,,,,,,,,,
Area code,Area name,Sex,All Ages,0,1,2,3,4,5,6,7,8,9,10,11,12,13,14,15,16,17,18,19,20,21,22,23,24,25,26,27,28,29,30,31,32,33,34,35,36,37,38,39,40,41,42,43,44,45,46,47,48,49,50,51,52,53,54,55,56,57,58,59,60,61,62,63,64,65,66,67,68,69,70,71,72,73,74,75,76,77,78,79,80,81,82,83,84,85,86,87,88,89,90+
,Scotland,Persons,5463300,50772,52734,54266,56539,57404,57837,59032,60560,62408,59479,61119,60860,58512,57366,56817,55692,54052,53713,56834,61667,65838,67735,70870,71430,71583,73182,74857,79127,79100,75989,75648,75743,73301,72691,72080,69835,70584,71428,70962,69713,67127,62229,61101,64358,64617,65725,69677,73842,76666,75548,78567,79919,80362,79788,82454,81429,81224,79062,77036,74372,73504,71388,69244,66867,63690,62599,60993,58595,58657,58600,59394,60782,65059,48394,45227,45388,42595,38406,34798,34764,33039,31191,28436,26237,23904,21126,18701,17001,14569,12032,43658
SPC 2014 Code,SPC 2014 Name,,,,,,,,,,,,,,,,,,,,,,,,,,,,,,,,,,,,,,,,,,,,,,,,,,,,,,,,,,,,,,,,,,,,,,,,,,,,,,,,,,,,,,,,,,,,,
S16000074,Aberdeen Central,Persons,83634,728,675,698,744,677,671,722,674,637,661,575,551,564,503,553,446,443,452,1087,1935,2348,2442,2476,2226,2160,2044,2048,2336,2374,2216,2236,2027,1871,1703,1620,1382,1521,1356,1266,1242,1147,1019,1005,922,977,928,940,949,913,866,881,854,857,807,852,786,890,863,717,751,745,707,698,692,654,570,556,568,535,501,539,506,613,403,313,337,360,341,270,324,302,286,252,240,215,231,180,185,130,109,458
S16000075,Aberdeen Donside,Persons,80620,952,944,954,928,960,902,967,998,917,876,897,913,837,784,742,751,692,742,600,493,562,627,794,831,836,896,1130,1439,1510,1428,1309,1338,1299,1381,1355,1268,1284,1302,1213,1156,1084,985,907,1006,952,957,1007,989,1096,1005,1083,1063,1052,1094,1172,1101,1113,1102,1049,1052,1021,1036,1013,974,989,975,874,881,826,882,923,931,957,709,562,578,565,535,483,501,426,440,381,384,363,295,270,264,198,180,528
S16000076,Aberdeen South and North Kincardine,Persons,80381,821,886,859,1003,968,935,878,973,1003,956,929,889,818,864,845,752,828,745,677,582,589,681,832,836,849,808,1013,1192,1252,1204,1293,1221,1255,1226,1206,1209,1242,1202,1260,1207,1166,1086,1099,1071,1008,976,1119,1110,1140,1049,1100,1144,1154,1154,1231,1178,1266,1167,1124,1065,1061,1065,972,990,856,877,764,807,783,756,800,730,845,626,573,571,539,567,495,457,444,473,424,384,341,284,290,270,233,199,710
S16000077,Aberdeenshire East,Persons,81017,847,924,834,974,948,952,974,986,1009,1056,1031,1022,976,940,864,859,841,852,807,758,740,713,704,752,778,797,853,810,859,819,887,928,967,960,996,1004,1055,1136,1139,1119,1070,1045,1084,1115,1105,1136,1155,1151,1263,1202,1243,1246,1261,1273,1277,1343,1210,1227,1171,1113,1071,1091,1034,1076,1034,1044,962,913,945,965,972,896,1006,771,697,631,588,577,460,520,467,443,390,344,330,281,243,224,179,151,552
S16000078,Aberdeenshire West,Persons,76353,720,768,821,851,847,924,828,887,1054,1061,1084,1019,1002,937,882,892,865,832,769,690,660,679,626,602,670,722,640,639,683,664,697,758,791,853,907,929,945,978,981,1041,1005,937,1027,1003,1019,1105,1204,1215,1289,1175,1221,1197,1188,1223,1197,1144,1196,1116,1057,1093,1051,1033,1009,1031,979,1013,933,928,907,878,958,963,975,715,641,616,615,554,471,486,422,408,394,381,322,319,218,236,207,187,694
S16000079,Airdrie and Shotts,Persons,70595,698,730,727,776,801,793,870,831,854,823,902,864,863,807,814,789,834,780,807,785,846,826,869,908,848,879,851,880,895,903,858,954,878,926,889,925,969,949,1023,1016,875,850,787,922,905,884,995,1019,1026,1021,1124,1163,1096,1089,1171,1060,1066,1036,990,914,906,907,878,846,798,789,772,726,704,731,736,698,754,585,531,568,502,436,395,407,408,378,283,295,231,227,206,144,127,91,303
S16000080,Almond Valley,Persons,86929,820,893,936,968,989,1018,1052,1053,1125,1046,1152,1140,1080,1129,1132,1078,1029,1040,1070,1017,1028,943,1065,1033,1081,1113,1126,1069,1073,1014,1022,1164,1149,1136,1080,1176,1186,1164,1152,1054,1098,968,1078,1096,1149,1227,1255,1329,1389,1371,1399,1488,1420,1366,1348,1352,1318,1324,1245,1170,1142,1051,991,921,865,955,904,910,877,844,888,940,882,716,615,584,536,541,466,430,449,380,305,291,264,220,176,190,124,94,393
S16000081,Angus North and Mearns,Persons,70766,656,646,701,757,742,766,766,771,764,852,789,832,794,834,829,862,784,725,734,600,636,653,742,669,696,762,705,691,700,723,689,760,738,803,788,776,832,909,891,825,808,864,798,841,819,949,1046,1029,997,1025,1150,1020,1107,1098,1163,1117,1167,1164,1082,1071,1030,1004,995,917,874,909,890,832,843,850,849,923,1002,693,649,685,601,559,550,558,483,422,403,398,351,291,289,241,223,198,747
S16000082,Angus South,Persons,73158,582,632,697,688,730,798,783,790,780,799,816,851,763,762,793,796,775,779,814,762,702,740,743,771,706,757,738,718,737,634,733,769,774,800,778,787,881,869,811,835,855,747,710,804,827,867,975,987,1031,1011,1079,1021,1123,1118,1147,1178,1153,1204,1071,1092,1049,1002,1000,974,948,954,1040,902,970,997,1056,1098,1191,816,824,799,743,637,581,599,524,530,500,414,377,364,278,299,266,193,760
S16000083,Argyll and Bute,Persons,60049,464,451,489,530,522,536,538,602,588,600,664,609,591,601,589,601,558,556,568,552,564,548,573,582,579,563,516,497,524,523,556,509,528,551,584,587,576,556,607,626,548,552,625,611,667,651,749,781,791,846,883,893,974,952,1012,1059,1040,1005,1025,997,966,968,952,974,908,890,895,917,971,883,978,915,1027,773,715,715,680,621,588,579,545,489,452,413,395,276,276,284,226,179,580
S16000084,Ayr,Persons,75440,578,613,620,683,710,688,689,718,794,716,771,795,776,745,785,734,697,724,720,778,751,838,777,783,807,810,758,770,736,768,756,781,799,724,713,739,668,766,793,807,770,689,736,796,839,888,938,992,1002,1073,1019,1112,1101,1063,1206,1197,1174,1135,1260,1104,1191,1187,1133,1106,1114,1110,1078,1047,1066,1063,1107,1094,1233,961,847,930,836,754,648,710,612,608,574,535,497,397,390,325,302,243,970
S16000085,Banffshire and Buchan Coast,Persons,75376,727,763,806,831,782,827,856,839,892,876,933,889,794,798,775,763,789,771,708,778,794,784,788,827,853,866,878,888,894,950,921,911,932,947,942,856,844,956,913,900,840,828,880,912,880,957,960,1054,1076,1057,1161,1090,1164,1108,1157,1120,1192,1050,1057,1010,1055,1036,1017,1006,952,889,857,876,869,914,922,968,1040,775,682,682,687,634,546,555,522,450,418,406,363,324,295,248,235,156,603
S16000086,"Caithness, Sutherland and Ross",Persons,69758,573,576,603,626,687,654,709,727,707,738,815,784,751,727,755,720,707,780,696,620,701,656,652,660,687,756,669,636,618,647,665,719,700,708,755,753,781,731,793,698,731,662,693,726,729,791,827,833,959,920,969,1078,1090,1163,1182,1145,1135,1107,1197,1094,1114,1086,1121,1019,1001,950,984,962,995,1007,1012,1042,1065,845,753,825,757,673,621,602,542,504,447,409,368,390,312,285,209,204,683
S16000087,"Carrick, Cumnock and Doon Valley",Persons,76009,703,722,736,823,801,750,820,804,886,853,883,832,806,787,787,807,779,774,781,740,780,809,858,821,843,852,813,763,812,764,789,757,813,799,803,789,775,826,817,859,798,727,680,762,859,826,963,1019,1150,1151,1153,1216,1245,1254,1356,1279,1269,1254,1172,1139,1111,1197,1102,1062,975,1028,1029,1000,978,1014,1007,1057,1089,779,835,741,776,663,588,540,518,518,478,393,372,333,280,249,221,161,627
S16000088,Clackmannanshire and Dunblane,Persons,68715,529,609,641,665,699,675,731,797,726,721,766,846,831,799,807,810,785,747,980,1101,972,882,882,852,863,810,769,816,766,755,674,791,732,727,741,687,711,742,764,791,753,759,734,812,844,822,976,1017,1016,1047,1108,1103,1164,1054,1062,1085,1062,1023,985,930,958,880,911,819,829,839,825,757,796,817,836,848,920,667,662,637,606,527,485,412,433,408,404,327,308,212,213,222,152,168,489
S16000089,Clydebank and Milngavie,Persons,70248,601,660,730,753,757,769,778,781,893,845,820,896,836,835,872,802,786,806,759,718,759,759,740,822,774,819,823,836,786,737,691,726,691,793,787,720,729,750,833,731,847,740,763,814,781,809,932,975,982,1036,1098,1102,1122,1051,1203,1138,1117,1086,1085,996,1046,999,969,864,928,802,862,762,781,849,793,846,820,695,633,652,584,536,490,536,520,433,407,404,368,331,310,258,227,172,691
S16000090,Clydesdale,Persons,72928,629,635,688,716,750,769,748,763,865,795,813,809,849,755,805,781,780,788,791,810,795,720,752,759,705,743,719,694,703,666,689,671,710,716,758,760,757,866,829,893,798,824,850,847,949,904,987,1098,1081,1137,1208,1250,1211,1163,1222,1234,1194,1160,1155,1106,1184,1120,1036,1115,1030,1008,926,933,931,913,950,911,1008,730,692,723,644,582,529,501,468,463,430,391,305,301,267,217,207,165,626
S16000091,Coatbridge and Chryston,Persons,73239,800,794,747,851,864,856,832,919,886,938,962,903,894,914,905,908,835,798,798,832,852,861,891,844,837,872,886,966,898,902,833,991,920,926,984,893,994,966,1095,1000,964,953,902,981,986,1007,994,1121,1077,1110,1124,1167,1115,1101,1139,1179,1120,1119,984,1007,902,967,833,817,829,781,789,717,704,744,708,672,685,557,478,468,566,470,371,434,396,358,294,281,281,228,189,176,135,126,486
S16000092,Cowdenbeath,Persons,72264,699,756,729,749,798,820,829,830,892,906,876,851,797,803,823,758,762,721,856,711,748,679,732,715,850,900,886,916,902,895,911,854,886,853,830,846,872,906,910,909,947,827,778,935,865,900,990,1030,1060,990,1128,1095,1126,1162,1132,1107,1038,1028,1047,1074,996,1012,937,904,861,840,791,784,855,828,826,893,1012,689,666,651,603,580,450,458,444,386,382,320,289,249,258,220,170,144,541
S16000093,Cumbernauld and Kilsyth,Persons,64174,596,671,668,657,654,667,715,723,760,716,776,742,807,771,780,781,749,736,744,712,841,755,904,774,788,764,766,880,822,720,749,683,700,760,740,802,760,834,782,795,789,721,751,849,773,810,821,886,965,958,992,1051,1050,995,1023,1006,952,986,869,871,883,816,770,817,780,737,748,708,701,664,710,765,798,581,562,530,527,440,380,386,407,366,317,297,251,185,198,148,132,108,300
S16000094,Cunninghame North,Persons,69007,511,567,497,624,594,625,610,688,736,660,740,724,742,702,741,726,739,718,736,673,743,758,774,698,787,749,678,645,688,651,692,695,637,647,634,679,612,693,681,685,659,629,618,768,730,807,822,882,1024,1030,1078,1092,1051,1109,1144,1203,1097,1098,1111,1069,1133,1083,1024,1073,944,973,1021,937,993,933,1043,1050,1080,855,814,813,745,691,617,646,505,497,466,440,384,358,297,295,217,159,721
S16000095,Cunninghame South,Persons,65733,549,658,717,722,731,750,741,801,826,756,825,789,827,834,751,704,722,667,741,713,698,782,814,844,849,882,839,843,870,697,772,827,749,736,739,670,725,755,751,735,716,684,672,752,786,787,839,921,903,888,976,943,1064,967,1010,1049,1069,1044,888,939,959,912,883,836,863,810,787,774,732,740,750,842,874,609,566,580,568,497,421,464,426,381,282,291,231,242,223,204,149,111,428
S16000096,Dumbarton,Persons,72867,672,647,696,708,712,778,790,856,796,822,832,790,761,755,788,790,763,704,764,842,874,906,951,839,865,932,940,898,905,831,853,838,814,829,795,744,856,846,959,843,832,789,764,791,793,810,898,995,1039,1023,1084,1108,1126,1211,1179,1104,1256,1138,1153,1093,1057,1074,1016,1087,968,972,885,860,866,848,848,957,950,723,686,655,557,531,470,491,457,424,394,323,321,318,248,216,195,157,543
S16000097,Dumfriesshire,Persons,75904,609,661,617,662,704,666,735,682,827,780,812,806,810,809,808,747,800,692,719,674,713,817,728,768,829,801,747,720,765,783,729,784,775,770,745,774,752,763,721,760,744,768,683,791,768,792,873,1043,1072,1120,1189,1157,1241,1237,1294,1296,1334,1227,1231,1207,1160,1153,1112,1117,1155,1098,1092,1077,1026,1061,1077,1079,1161,891,868,880,839,768,732,711,613,547,543,495,417,411,367,313,256,239,715
S16000098,Dundee City East,Persons,71204,698,713,696,725,776,725,807,830,841,748,804,717,743,692,721,675,636,673,602,598,637,785,1031,1029,961,1033,1178,1452,1418,1380,1206,1178,1135,1025,1115,969,920,1007,907,883,799,781,718,810,750,711,765,789,870,877,941,935,884,944,991,1006,1005,978,983,957,979,915,897,774,787,710,743,707,700,736,731,806,885,641,566,545,520,497,444,467,465,452,399,368,354,368,266,264,221,187,647
S16000099,Dundee City West,Persons,78116,719,740,814,756,774,734,830,868,780,722,774,800,706,690,733,693,719,691,1197,1958,2103,2154,1886,1692,1529,1412,1442,1594,1561,1503,1372,1297,1264,1072,1098,1084,964,968,968,778,805,699,770,725,688,680,752,835,932,838,872,901,892,948,1006,887,997,970,975,951,817,928,905,797,729,697,715,663,637,650,675,687,789,547,514,515,446,465,418,430,410,410,327,335,313,292,245,214,206,161,617
S16000100,Dunfermline,Persons,77696,791,777,878,873,917,903,914,930,1039,900,1009,971,938,969,850,898,858,794,772,695,680,612,692,778,846,948,875,943,900,986,945,964,1001,1016,989,1016,1032,1035,1034,1084,1089,1038,985,967,1064,1077,1116,1212,1242,1202,1165,1180,1195,1122,1212,1217,1114,1095,1055,1068,1073,1000,929,952,900,852,834,785,852,849,849,932,1032,680,669,666,587,552,457,463,380,391,379,343,281,287,233,184,150,137,551
S16000101,East Kilbride,Persons,77667,746,792,773,807,841,780,859,857,889,841,906,900,884,840,835,843,727,836,783,854,893,873,924,916,930,1046,959,1018,949,903,907,941,845,888,918,941,916,955,971,950,894,918,864,846,912,932,959,1046,1171,1160,1157,1207,1245,1199,1257,1372,1378,1331,1312,1250,1215,1105,1054,994,946,930,869,832,790,723,738,799,814,649,580,617,614,549,528,474,475,489,424,416,364,325,301,269,245,190,703
S16000102,East Lothian,Persons,80633,778,787,812,904,891,935,939,1000,1072,1000,1048,1100,1010,1040,923,907,817,820,713,592,596,686,770,742,786,843,812,907,787,734,729,786,814,832,845,801,948,957,996,910,1017,885,966,1038,993,1058,1177,1190,1287,1230,1229,1328,1331,1207,1364,1280,1340,1256,1200,1190,1187,1104,1145,1061,1045,1022,937,934,916,924,923,1071,1070,832,756,853,699,670,619,549,515,558,444,448,361,388,304,260,228,206,669
S16000103,Eastwood,Persons,71328,645,655,787,864,897,946,1025,1078,1103,1062,1002,1058,1066,1021,1009,982,903,884,834,765,746,733,758,706,659,679,658,588,551,590,580,627,588,582,596,693,687,792,847,934,908,965,936,953,935,948,1065,1025,1069,1008,1081,1031,1089,1005,1024,1080,995,994,971,1005,919,917,922,910,834,782,808,769,711,723,740,800,862,641,634,647,598,507,525,452,474,471,426,434,355,357,309,289,230,206,809
S16000104,Edinburgh Central,Persons,95280,530,530,530,557,505,548,591,540,649,520,494,486,445,455,442,479,512,645,1459,2863,3600,3765,3561,3461,2936,2902,2866,2779,2683,2663,2459,2320,2059,1896,1796,1705,1507,1337,1311,1263,1148,1100,1112,1003,1035,937,976,1013,913,869,902,926,962,893,954,952,898,861,758,831,777,727,731,714,601,628,642,658,567,574,574,503,618,461,401,393,363,313,312,338,273,288,232,262,232,200,210,177,174,141,504
S16000105,Edinburgh Eastern,Persons,88155,961,991,1058,995,921,1016,989,944,1033,915,1038,1004,894,898,815,765,749,798,621,637,657,697,834,1049,1142,1236,1496,1602,1804,1610,1710,1601,1549,1490,1481,1451,1434,1389,1326,1297,1265,1105,1213,1149,1076,1149,1189,1138,1139,1102,1104,1099,1079,1180,1230,1195,1204,1127,1139,1100,1078,1130,1027,950,909,911,877,808,864,817,812,836,948,677,635,593,588,518,483,504,450,504,401,405,364,328,307,273,267,190,822
S16000106,Edinburgh Northern and Leith,Persons,95310,929,975,874,888,941,819,953,929,989,828,830,807,700,672,652,630,539,565,537,610,647,729,999,1212,1520,1780,2066,2476,2848,2855,2761,2776,2533,2455,2353,2085,2188,2130,1925,1805,1703,1433,1284,1317,1288,1323,1235,1305,1304,1112,1135,1232,1218,1099,1068,1054,1154,989,1061,905,947,863,843,812,753,740,711,657,657,644,644,609,635,445,431,417,401,374,351,332,323,328,294,267,240,261,198,197,200,131,576
S16000107,Edinburgh Pentlands,Persons,78259,767,790,821,868,946,906,942,948,1011,912,986,997,889,917,816,779,856,895,975,1063,781,827,906,1119,1144,1051,1151,1325,1394,1192,1360,1148,1099,993,1034,1014,1117,1062,1023,1083,1137,1035,953,967,968,992,921,1007,1056,978,1007,1037,1002,1022,1042,1038,1005,946,944,927,865,921,940,824,865,757,734,841,732,779,821,864,913,669,613,624,530,481,431,443,434,407,373,389,333,286,241,237,231,182,608
S16000108,Edinburgh Southern,Persons,81882,616,629,614,658,732,751,736,733,776,794,783,705,763,694,715,658,586,564,544,1107,1805,2065,2180,1928,1772,1810,1595,1723,1897,1762,1708,1577,1348,1382,1314,1205,1154,1081,1027,1061,1050,956,948,883,937,889,970,1015,1042,933,959,967,982,947,931,935,931,917,886,873,823,789,791,783,718,749,722,694,694,748,732,694,770,563,569,499,480,455,428,400,424,412,392,363,346,309,291,278,279,204,980
S16000109,Edinburgh Western,Persons,86044,887,989,962,1066,1044,1173,1086,1094,1126,1059,1115,1111,1063,916,900,870,888,817,636,587,499,590,731,804,951,997,1165,1341,1386,1296,1341,1242,1261,1210,1282,1248,1248,1375,1191,1298,1154,1135,1148,1169,1179,1117,1099,1167,1180,1128,1200,1179,1231,1175,1243,1186,1259,1203,1224,1124,1104,1072,1012,982,885,947,888,825,807,829,819,865,988,665,607,627,634,579,498,515,539,485,494,452,432,363,329,289,251,209,708
S16000111,"Ettrick, Roxburgh and Berwickshire",Persons,67924,568,614,583,656,666,730,729,712,712,633,684,677,687,699,689,698,616,627,634,640,556,607,670,650,604,603,620,560,589,597,565,606,562,624,599,615,637,628,655,724,643,571,616,668,727,763,822,912,932,974,1049,1076,1116,1150,1130,1118,1156,1106,1148,1109,1147,1109,1108,993,1048,981,991,934,997,1083,1041,1130,1214,879,810,855,804,694,614,659,581,575,482,429,394,366,299,267,251,214,664
S16000112,Falkirk East,Persons,80778,716,800,826,871,861,915,862,967,931,955,986,920,933,878,895,859,826,814,861,860,902,846,891,864,904,914,925,949,976,960,927,986,987,1007,1036,1028,1028,1073,1055,1063,1056,992,956,1012,1088,1050,1135,1225,1251,1227,1219,1284,1299,1247,1307,1275,1233,1207,1198,1117,1082,1124,1049,963,938,894,918,845,893,950,934,921,1027,731,680,684,657,544,506,510,523,450,406,355,319,296,252,213,184,150,545
S16000113,Falkirk West,Persons,80112,755,766,741,778,838,832,849,935,960,953,984,961,952,907,891,835,859,821,797,867,853,878,854,927,951,924,987,983,1030,946,928,1020,929,992,1050,950,977,1073,1054,1022,1060,998,1017,1046,1085,1156,1206,1294,1234,1236,1312,1312,1263,1269,1224,1247,1214,1198,1074,1089,1095,1007,968,971,866,883,878,849,943,840,855,883,947,659,662,644,572,557,494,503,508,434,419,378,373,299,263,238,209,165,607
S16000114,Galloway and West Dumfries,Persons,72956,553,601,666,650,633,711,687,778,760,798,772,792,808,773,776,750,714,719,696,663,672,738,693,729,805,759,747,717,716,681,722,794,733,675,758,735,674,773,744,712,667,606,609,706,753,831,828,868,978,940,1045,1062,1094,1089,1251,1230,1187,1233,1190,1117,1166,1143,1073,1080,1039,1086,1047,1074,1077,1114,1105,1129,1210,914,857,863,831,745,648,608,571,563,554,538,429,389,365,300,261,219,797
S16000115,Glasgow Anniesland,Persons,75219,774,802,847,841,809,853,819,866,934,834,860,910,821,820,774,767,739,718,654,587,639,714,779,894,989,1075,1323,1541,1392,1410,1424,1361,1282,1281,1329,1194,1236,1095,1157,1163,1047,982,922,933,896,907,978,976,1054,962,1064,1121,1064,1149,1076,1046,1069,1067,975,958,993,913,854,870,792,734,637,608,624,623,650,614,605,465,442,471,445,426,326,372,336,324,329,284,303,228,222,198,183,149,646
S16000116,Glasgow Cathcart,Persons,74929,771,793,796,794,822,758,810,841,763,685,718,787,760,653,694,726,651,670,630,562,605,638,709,858,910,1051,1284,1568,1519,1482,1495,1521,1458,1487,1386,1264,1338,1290,1255,1265,1093,910,903,937,923,969,829,947,1041,967,1016,1052,1001,1043,1018,1034,965,1026,1038,912,871,900,909,944,869,770,766,727,664,665,649,695,683,555,514,478,431,414,375,364,335,374,326,279,255,217,209,185,182,125,508
S16000117,Glasgow Kelvin,Persons,95449,642,548,593,574,533,605,579,565,563,475,455,399,369,364,346,354,395,526,1622,3190,3953,4265,4279,4381,3788,3550,3169,3149,2982,2731,2647,2318,2145,1864,1745,1569,1442,1348,1304,1149,1034,992,870,928,859,806,906,866,854,820,876,838,808,825,777,841,820,745,734,682,728,635,630,670,560,555,536,495,455,448,454,446,459,350,353,315,285,224,263,253,226,227,235,190,179,127,161,121,117,100,296
S16000118,Glasgow Maryhill and Springburn,Persons,75112,835,794,800,803,850,818,905,863,869,762,826,744,720,699,692,710,733,707,753,755,786,784,988,1171,1192,1223,1459,1625,1623,1508,1473,1461,1369,1460,1247,1119,1192,1136,1064,1055,1015,889,856,892,819,857,965,969,962,1064,1013,1076,992,1030,1086,1037,1022,1101,972,893,901,879,784,789,714,614,625,578,603,595,615,618,655,480,470,472,438,394,398,392,394,345,312,304,276,257,206,195,140,130,456
S16000119,Glasgow Pollok,Persons,81420,970,936,970,1005,1031,1044,966,1097,1027,915,1039,926,946,909,946,888,942,871,808,771,786,890,919,917,1005,1110,1276,1477,1476,1436,1377,1359,1308,1283,1251,1177,1164,1187,1116,1058,1017,965,890,929,977,969,925,1054,1076,1131,1208,1169,1182,1180,1219,1218,1224,1210,1156,1124,1078,1000,1020,947,857,836,712,746,686,696,576,612,666,510,533,495,458,414,387,404,398,347,332,290,312,288,237,192,223,169,597
S16000147,Glasgow Provan,Persons,77680,833,827,899,896,883,917,872,977,986,884,847,813,800,809,758,731,768,688,704,726,709,966,1066,1167,1210,1320,1530,1760,1760,1609,1662,1436,1520,1388,1303,1333,1270,1205,1158,1058,1034,925,871,886,849,814,876,949,1008,997,1012,1001,1051,1058,1049,1099,1123,1051,1010,994,919,926,806,727,716,690,628,647,627,560,573,581,651,448,396,379,411,392,387,391,362,354,330,298,272,228,226,205,161,153,531
S16000121,Glasgow Shettleston,Persons,81132,899,917,892,847,967,881,917,858,934,811,785,778,712,702,701,638,660,749,858,946,1056,1125,1324,1387,1468,1482,1620,1888,1784,1748,1706,1565,1478,1393,1355,1179,1266,1190,1129,1094,1074,927,799,911,884,845,886,972,959,1045,1131,1110,1065,1016,1091,1154,1138,1118,1078,1039,954,968,911,930,824,774,724,658,683,621,683,637,687,513,499,483,467,411,391,375,380,360,313,279,289,237,211,208,179,130,422
S16000122,Glasgow Southside,Persons,72179,875,830,864,853,833,844,836,797,778,687,697,676,610,617,557,570,538,577,559,591,723,754,913,1048,1357,1315,1681,1972,1921,1820,1759,1775,1529,1518,1497,1508,1389,1334,1275,1263,1117,1040,856,935,848,823,911,843,864,883,918,905,871,855,867,833,864,837,796,720,777,674,668,602,600,574,514,478,533,496,437,457,472,338,338,370,308,308,296,310,310,265,251,211,219,196,174,181,132,136,428
S16000123,Greenock and Inverclyde,Persons,72559,642,641,659,671,721,726,740,749,803,809,758,791,771,751,790,775,718,672,757,769,818,774,846,891,891,849,845,942,956,906,834,870,796,925,813,808,853,868,829,863,813,736,739,741,859,807,870,912,1002,1004,1039,1196,1188,1198,1198,1216,1277,1252,1220,1169,1190,1017,1046,986,943,847,877,832,882,874,832,836,886,711,609,688,653,532,525,473,484,446,443,385,347,284,274,284,224,182,641
S16000124,"Hamilton, Larkhall and Stonehouse",Persons,74494,759,775,880,786,838,788,833,846,827,839,838,851,821,890,766,794,758,761,798,813,824,773,863,867,893,825,960,960,953,908,816,915,891,947,935,961,958,1017,1031,1003,903,859,802,920,951,970,1047,1111,1167,1112,1192,1171,1184,1094,1158,1158,1120,1015,1083,1085,954,922,967,919,872,855,854,814,790,773,788,860,904,732,631,681,565,529,505,467,469,422,379,384,311,259,241,202,171,148,463
S16000125,Inverness and Nairn,Persons,89844,829,872,892,955,1014,919,1004,989,1049,936,1075,1085,1025,1009,1003,957,927,932,911,825,929,888,937,939,1057,1099,1008,1045,1144,1052,1083,1141,1131,1232,1147,1256,1138,1225,1296,1265,1178,1120,1005,1101,1176,1104,1197,1295,1292,1286,1284,1357,1367,1391,1419,1449,1295,1263,1252,1207,1232,1158,1108,1158,1059,1131,1031,990,977,947,1029,1067,1041,820,727,739,781,665,589,554,549,553,448,477,397,387,324,310,284,215,839
S16000126,Kilmarnock and Irvine Valley,Persons,83171,765,832,825,898,951,868,917,1031,966,948,900,946,916,858,909,916,851,869,864,889,840,940,886,930,952,1041,963,996,1036,1016,1017,1047,1084,1100,1028,951,987,1011,1040,1039,991,925,905,998,1023,1046,1113,1231,1255,1189,1291,1314,1291,1320,1318,1283,1274,1202,1249,1204,1219,1083,1118,1003,1018,1011,1049,954,901,924,944,962,1112,789,760,740,674,557,551,538,520,490,464,378,347,324,283,244,182,167,620
S16000127,Kirkcaldy,Persons,78478,803,851,832,885,931,903,920,964,969,1014,927,960,876,873,845,834,777,779,767,779,774,718,720,872,914,942,998,1024,973,957,926,936,949,938,916,922,957,929,915,891,863,859,895,952,895,1001,1036,1026,1113,1092,1179,1215,1207,1146,1162,1142,1153,1174,1093,1093,1069,1016,1035,980,950,988,902,918,944,904,975,926,1037,781,716,734,651,582,528,559,538,452,444,437,382,329,299,253,247,185,761
S16000128,Linlithgow,Persons,96171,964,1057,1136,1095,1190,1228,1196,1194,1330,1242,1313,1297,1255,1155,1130,1101,1022,1026,936,872,948,941,1000,1057,1071,1186,1107,1080,1125,1148,1160,1301,1340,1298,1360,1281,1346,1362,1376,1383,1289,1246,1156,1284,1312,1287,1389,1470,1468,1407,1485,1468,1452,1408,1570,1354,1390,1308,1339,1295,1274,1189,1123,1105,983,966,957,884,903,913,949,985,1043,789,771,728,741,638,580,544,527,495,447,407,363,337,268,271,211,167,627
S16000129,Mid Fife and Glenrothes,Persons,69446,639,680,688,739,774,781,779,798,836,817,833,820,817,776,754,772,713,703,713,690,719,626,689,793,767,818,783,793,798,746,807,810,747,793,778,708,797,837,923,861,796,710,725,762,738,742,851,924,994,964,1025,1123,1155,1035,1144,1127,1054,1072,1025,1055,1048,1016,995,969,879,908,842,823,831,838,869,888,938,717,691,637,627,574,470,498,452,420,396,368,313,313,244,211,173,177,585
S16000130,Midlothian North and Musselburgh,Persons,86815,972,1038,1064,1138,1129,1088,1040,1141,1084,1032,1011,974,960,942,929,926,829,869,1026,1081,986,955,950,986,1023,1078,1142,1194,1122,1055,1103,1210,1110,1207,1139,1148,1133,1219,1174,1174,1135,1043,990,1004,1056,1050,1050,1109,1251,1232,1186,1262,1239,1207,1257,1217,1332,1277,1254,1172,1146,1110,1118,988,929,923,877,909,918,897,925,932,1017,779,709,735,671,563,538,499,479,486,405,367,370,294,266,265,218,200,578
S16000131,"Midlothian South, Tweeddale and Lauderdale",Persons,79688,778,812,837,915,869,955,917,924,925,937,956,972,863,893,890,882,869,888,818,796,872,760,835,834,884,835,867,866,782,887,861,831,859,883,914,921,931,972,915,1004,899,843,850,978,967,1061,1078,1239,1197,1185,1252,1247,1249,1229,1262,1219,1244,1188,1123,1176,1126,1108,1098,1073,1042,997,1034,951,987,928,965,991,1153,812,739,691,659,551,535,521,547,460,451,402,362,303,279,223,223,181,601
S16000132,Moray,Persons,80595,691,697,753,807,781,805,859,815,941,904,925,1028,908,913,884,893,929,908,851,822,815,766,859,980,949,964,905,1003,866,867,883,984,988,935,1004,965,896,912,888,1038,992,856,840,967,949,1020,1067,1165,1218,1212,1230,1220,1248,1253,1235,1225,1240,1243,1184,1140,1051,1114,1067,1085,993,975,997,929,999,974,917,1006,1038,798,783,770,727,614,590,562,537,509,478,398,448,352,331,280,252,191,745
S16000133,Motherwell and Wishaw,Persons,76448,739,758,806,856,849,828,862,896,933,935,941,1000,902,878,874,896,840,813,836,793,873,879,917,913,889,874,975,992,1011,856,939,996,978,1026,1096,1011,1016,1041,1068,1067,1001,918,856,988,930,945,1012,1179,1157,1110,1164,1205,1168,1160,1204,1166,1136,1105,1076,1000,968,962,996,937,832,865,774,781,704,762,760,787,756,603,608,604,558,500,482,483,452,454,408,357,326,267,284,227,176,160,483
S16000110,Na h-Eileanan an Iar,Persons,26720,196,213,251,242,222,264,260,287,262,269,290,299,315,303,274,307,287,251,245,192,220,194,228,244,222,280,204,235,181,226,265,270,297,239,241,265,258,302,272,285,321,278,324,309,328,329,347,375,399,397,430,440,429,406,422,424,418,480,412,400,433,378,400,377,412,371,379,389,361,404,386,378,410,325,263,289,287,240,251,258,245,224,188,160,157,152,138,112,101,71,356
S16000134,North East Fife,Persons,75666,490,486,545,608,623,628,692,702,732,678,722,721,647,704,720,691,697,692,1072,1776,2083,2113,1978,1505,1131,961,954,858,866,815,868,799,633,694,709,674,672,757,756,738,776,670,735,717,826,768,780,880,963,949,1039,1020,990,1034,1062,1044,1186,1052,1039,1074,1006,1036,963,894,928,956,943,919,873,912,952,1024,1080,811,807,782,709,653,582,534,563,561,463,441,408,297,312,271,229,207,756
S16000135,Orkney Islands,Persons,22270,186,188,210,187,215,203,221,226,254,230,244,253,260,247,245,213,220,222,202,167,200,179,216,206,235,221,240,231,239,260,232,263,276,245,279,218,260,234,233,246,266,232,208,243,257,252,286,294,307,339,320,350,363,381,380,359,386,331,350,347,335,309,345,313,305,288,328,279,310,275,307,290,322,240,235,254,243,244,155,207,172,170,138,121,120,107,76,65,72,76,212
S16000136,Paisley,Persons,73052,697,674,722,718,655,743,781,764,737,729,752,795,734,737,745,695,685,731,763,762,887,948,1043,950,1058,1072,1078,1094,1055,1094,1046,1111,1102,933,998,932,1045,954,1036,957,876,781,766,799,814,893,812,1027,1064,1089,1107,1076,1164,1160,1164,1192,1122,1194,1166,1003,1047,1065,881,909,834,765,748,710,733,688,715,671,786,548,551,588,491,455,463,423,438,433,358,356,349,298,241,233,204,173,617
S16000137,Perthshire North,Persons,72773,554,571,607,645,688,634,664,720,771,699,728,717,712,658,700,671,664,736,735,665,655,673,711,735,729,820,923,814,940,773,770,846,902,891,836,876,891,841,928,819,853,787,824,796,782,824,840,991,946,1014,952,1089,1070,1126,1190,1143,1242,1061,1065,1043,1126,1062,997,965,957,997,1034,969,967,1036,975,957,1110,881,714,742,739,677,554,650,613,548,537,477,451,363,336,336,320,228,905
S16000138,Perthshire South and Kinross-shire,Persons,79177,682,713,692,807,840,837,867,876,878,895,960,929,929,849,970,958,978,857,876,801,794,775,763,829,768,921,877,856,839,710,778,847,764,823,943,958,902,925,930,916,861,820,786,894,811,972,1026,1151,1144,1091,1254,1254,1300,1266,1296,1307,1244,1235,1191,1009,1122,1124,1089,1049,1051,961,1086,951,953,921,999,1007,1083,796,778,739,744,655,610,587,592,517,452,439,422,372,317,334,261,245,897
S16000139,Renfrewshire North and West,Persons,66670,605,679,621,662,688,703,703,740,766,744,711,776,719,761,719,762,686,679,701,712,663,710,747,746,739,790,806,814,822,802,750,837,838,833,811,838,865,807,867,822,824,774,727,754,841,785,878,862,976,957,1008,1054,1022,1052,1083,946,976,967,1041,983,923,908,895,842,849,923,770,756,809,740,792,797,886,662,675,623,537,509,459,388,406,380,371,322,273,267,219,194,174,155,612
S16000140,Renfrewshire South,Persons,68821,661,720,744,751,724,771,827,811,849,768,773,825,788,765,819,765,766,724,758,778,733,753,802,781,798,785,844,929,868,809,840,840,855,819,792,787,796,839,853,761,780,702,682,729,752,806,903,935,947,1061,1021,1135,1129,1150,1111,1197,1102,1139,1040,981,1070,970,933,859,779,748,767,691,776,732,758,748,781,582,563,574,521,488,471,462,478,402,423,376,343,285,237,213,186,154,478
S16000141,Rutherglen,Persons,77810,833,850,884,889,922,928,907,973,909,844,875,874,836,841,813,795,733,720,809,810,833,824,845,838,863,966,921,1019,957,899,987,945,983,1062,1047,972,1053,1095,1169,1100,1070,952,936,947,974,1046,1043,1136,1158,1181,1074,1113,1121,1109,1182,1167,1140,1176,1130,1140,1071,1041,1074,1039,970,1048,961,900,837,843,842,861,873,641,590,610,587,513,472,488,391,412,349,336,279,279,256,204,191,137,497
S16000142,Shetland Islands,Persons,22920,212,222,251,256,248,240,281,274,290,289,288,241,283,306,263,254,261,232,225,224,210,213,229,236,252,254,239,264,248,278,258,289,314,286,251,248,247,268,302,272,288,238,308,263,289,301,331,326,335,328,317,343,340,356,342,366,352,337,350,295,296,305,290,318,322,284,262,272,277,280,268,264,301,210,216,198,228,203,153,165,136,129,120,108,114,87,72,59,56,46,178
S16000143,"Skye, Lochaber and Badenoch",Persons,76228,569,634,671,718,720,733,711,794,815,822,822,826,850,879,847,860,852,805,791,699,726,718,684,705,755,760,736,718,747,732,711,764,865,790,838,817,785,881,873,858,808,745,794,875,872,847,981,1069,1167,1162,1175,1240,1167,1257,1348,1326,1242,1255,1257,1230,1183,1199,1171,1126,1080,1122,1114,1108,1040,1069,1026,1113,1105,842,776,846,716,652,526,575,539,487,426,414,407,300,300,261,213,173,621
S16000144,Stirling,Persons,77035,652,743,725,800,750,772,819,839,833,788,807,839,829,819,825,871,798,784,753,941,1176,1300,1354,1162,1078,1043,994,1076,1085,1118,1136,966,895,868,857,865,868,942,795,865,959,867,854,901,861,842,956,1035,1119,1177,1160,1164,1099,1196,1244,1206,1206,1078,1144,1115,993,972,952,891,859,850,853,812,837,818,808,838,973,684,590,688,629,557,503,507,503,410,433,377,359,276,243,264,173,144,626
S16000148,Strathkelvin and Bearsden,Persons,80276,736,767,889,841,922,925,940,871,998,924,932,914,853,892,877,874,790,827,828,833,822,890,821,944,890,919,897,930,878,853,848,867,817,865,863,845,874,916,936,972,947,852,901,920,890,906,994,1049,1197,1109,1119,1141,1222,1204,1248,1300,1274,1303,1237,1169,1247,1172,1161,1102,1034,1010,964,880,938,941,951,972,1058,728,779,772,747,594,593,604,592,562,599,463,447,414,327,335,247,254,727
S16000146,Uddingston and Bellshill,Persons,74545,796,784,775,852,802,834,829,836,909,842,833,942,855,838,871,868,829,835,824,815,858,846,923,842,876,919,916,915,891,926,963,943,983,972,939,970,1001,1033,1081,1015,968,916,807,979,921,928,1034,1009,1071,1107,1199,1041,1180,1186,1159,1102,1096,1126,1114,1095,1089,1017,1040,904,881,881,870,784,744,838,744,809,779,637,553,580,519,464,427,403,398,364,322,314,270,221,202,203,157,118,394
,,,,,,,,,,,,,,,,,,,,,,,,,,,,,,,,,,,,,,,,,,,,,,,,,,,,,,,,,,,,,,,,,,,,,,,,,,,,,,,,,,,,,,,,,,,,,,
,,,,Age ,,,,,,,,,,,,,,,,,,,,,,,,,,,,,,,Age ,,,,,,,,,,,,,,,,,,,,,,,,,,,,,,Age ,,,,,,,,,,,,,,,,,,,,,,,,,,,,,
Area code,Area name,Sex,All Ages,0,1,2,3,4,5,6,7,8,9,10,11,12,13,14,15,16,17,18,19,20,21,22,23,24,25,26,27,28,29,30,31,32,33,34,35,36,37,38,39,40,41,42,43,44,45,46,47,48,49,50,51,52,53,54,55,56,57,58,59,60,61,62,63,64,65,66,67,68,69,70,71,72,73,74,75,76,77,78,79,80,81,82,83,84,85,86,87,88,89,90+
,Scotland,Males,2663003,26138,27059,28045,29267,29473,29750,30203,31168,31913,30263,31119,30969,29924,29231,29244,28678,27624,27457,28903,31510,33412,34303,35814,36286,36251,36890,37228,39349,39702,37976,37656,37555,36029,36090,35305,34205,34472,34755,34853,34339,33353,30309,30279,31511,31338,32217,34006,35622,36697,36270,37782,38446,39141,38547,40024,39184,39315,38548,37472,36256,35533,34534,33646,32428,30711,30358,29455,28260,28175,28212,28497,29071,30844,22913,21014,21118,19268,17046,15232,15222,14311,13403,11771,10682,9681,8261,7296,6384,5356,4185,13411
SPC 2014 Code,SPC 2014 Name,,,,,,,,,,,,,,,,,,,,,,,,,,,,,,,,,,,,,,,,,,,,,,,,,,,,,,,,,,,,,,,,,,,,,,,,,,,,,,,,,,,,,,,,,,,,,
S16000074,Aberdeen Central,Males,43124,376,342,359,383,328,368,344,354,332,318,308,299,297,270,275,207,229,220,454,797,998,1109,1106,1118,1075,1052,1065,1246,1313,1286,1291,1156,1064,937,897,778,870,794,729,672,684,535,581,490,521,523,511,510,484,441,488,489,465,427,422,401,474,448,377,378,369,362,369,367,346,325,289,278,271,263,269,235,296,198,154,164,161,141,105,139,120,127,101,88,77,90,76,68,55,30,126
S16000075,Aberdeen Donside,Males,39360,489,481,495,473,502,440,487,505,487,471,459,455,433,421,390,389,340,394,311,257,271,292,390,400,375,447,563,725,775,691,674,681,697,698,638,642,594,639,596,550,574,499,471,511,476,481,514,466,541,472,526,514,513,489,572,507,549,534,494,511,503,503,488,463,466,491,432,416,385,445,463,454,423,349,231,273,257,234,198,219,172,192,155,158,158,115,101,92,63,53,177
S16000076,Aberdeen South and North Kincardine,Males,39305,405,459,421,543,520,482,467,486,489,500,469,425,405,403,423,391,427,382,331,293,260,330,400,391,384,393,509,612,673,587,689,647,687,608,586,606,599,566,670,590,548,550,562,537,556,510,563,517,551,510,514,568,601,551,611,539,597,556,538,525,515,550,500,478,431,435,370,417,398,369,378,352,419,265,278,243,256,255,215,191,180,185,177,139,127,107,124,89,83,61,206
S16000077,Aberdeenshire East,Males,40306,415,484,454,487,480,485,519,523,569,521,498,533,506,464,470,434,443,448,416,424,411,414,405,388,424,395,417,381,458,406,445,470,448,473,478,462,510,515,579,568,526,521,579,547,540,544,616,615,601,598,584,622,624,626,613,667,594,605,592,534,526,543,511,525,500,508,470,450,466,476,498,449,520,365,324,308,279,253,206,246,206,209,164,168,150,118,114,80,66,61,179
S16000078,Aberdeenshire West,Males,37958,364,386,417,444,414,469,427,465,524,527,564,538,491,457,427,464,442,430,415,419,361,395,351,364,346,417,319,332,348,322,356,336,406,416,434,439,446,499,480,489,496,452,495,493,475,560,604,614,605,588,569,618,590,593,603,606,591,548,513,572,534,543,484,512,493,500,458,459,448,431,490,516,476,343,305,308,297,269,210,225,198,195,161,183,120,137,87,89,83,73,206
S16000079,Airdrie and Shotts,Males,34423,346,363,372,404,384,427,457,449,452,447,440,431,460,434,422,399,431,380,397,405,445,429,445,461,416,451,429,433,442,423,428,457,395,440,407,431,487,474,513,500,427,402,405,463,455,425,497,481,490,487,518,569,524,560,578,513,511,516,492,442,434,434,424,416,359,394,354,328,355,349,334,321,366,278,230,276,218,188,179,190,176,159,100,115,73,87,81,59,47,30,108
S16000080,Almond Valley,Males,42823,451,468,481,482,498,523,505,572,562,533,615,586,554,569,575,538,512,490,572,530,557,497,576,569,596,599,611,541,575,513,530,605,524,550,504,616,539,529,549,518,525,454,579,578,533,610,573,674,692,611,674,739,665,647,648,661,623,639,618,588,571,495,502,432,408,463,403,413,428,397,413,440,419,335,281,264,242,244,215,189,203,193,122,135,111,95,77,78,46,39,125
S16000081,Angus North and Mearns,Males,34822,352,305,350,395,402,396,373,392,376,432,409,448,403,457,425,456,393,375,418,353,357,365,400,338,361,398,371,335,343,401,330,353,337,400,378,359,428,416,423,399,394,410,382,421,379,434,528,491,483,508,572,489,555,517,566,581,572,602,513,519,529,518,502,431,436,466,425,422,436,429,422,438,461,350,285,334,276,232,265,257,219,175,166,172,137,128,107,95,88,80,223
S16000082,Angus South,Males,35574,320,351,366,350,402,416,388,383,388,374,431,431,394,395,390,399,398,386,415,448,376,395,390,410,372,415,373,373,396,324,362,379,345,362,388,366,423,430,367,413,448,341,327,388,415,419,461,490,469,523,525,468,543,567,545,589,564,600,488,548,495,465,478,487,462,428,500,409,460,517,480,525,535,388,401,373,350,291,263,283,233,231,225,183,152,137,104,118,111,80,208
S16000083,Argyll and Bute,Males,29287,235,252,268,279,257,268,286,280,298,305,340,316,296,309,308,309,283,281,270,288,320,313,313,293,322,298,303,276,305,238,273,254,267,274,284,300,241,271,290,337,255,286,292,276,297,304,370,359,382,387,426,457,491,443,429,503,523,481,527,471,460,464,467,491,455,454,435,428,471,429,514,436,478,365,340,339,341,284,265,278,236,234,171,172,165,111,119,111,82,69,164
S16000084,Ayr,Males,35817,304,316,316,347,339,339,381,358,412,376,391,392,390,353,381,376,360,361,389,398,388,428,377,373,434,399,401,386,377,395,366,366,380,345,335,362,301,343,376,390,400,283,358,346,395,461,453,450,477,500,466,510,520,500,555,585,547,550,606,507,581,546,517,530,501,524,512,487,492,520,531,531,554,426,374,438,413,325,270,308,275,269,242,215,210,157,142,134,129,85,309
S16000085,Banffshire and Buchan Coast,Males,37413,385,375,414,420,415,409,442,402,445,442,473,456,422,397,390,402,396,400,376,403,441,451,446,442,464,436,445,468,470,501,473,460,455,470,478,431,433,512,455,462,438,412,445,467,453,475,474,514,519,492,573,548,557,516,571,551,584,546,543,509,509,512,510,505,451,443,390,423,420,441,452,478,520,371,317,325,304,284,244,251,243,185,181,172,168,126,114,94,76,73,187
S16000086,"Caithness, Sutherland and Ross",Males,34382,294,310,320,301,357,340,364,403,360,375,425,397,386,389,397,356,330,395,365,355,385,367,347,361,383,390,361,340,331,323,337,341,357,353,329,360,368,336,415,337,359,306,321,370,341,364,391,362,453,416,448,493,540,596,582,537,573,556,596,548,547,526,590,504,513,456,475,481,479,502,516,544,522,408,392,407,340,312,292,290,250,223,199,171,167,169,128,99,87,79,222
S16000087,"Carrick, Cumnock and Doon Valley",Males,36876,356,366,383,428,427,418,441,371,454,419,451,444,399,390,392,403,391,404,395,411,424,429,451,419,452,440,395,378,370,395,394,346,368,390,372,360,377,380,363,374,391,345,321,372,389,387,504,491,543,542,531,557,585,565,684,629,572,599,554,557,529,576,542,542,485,512,507,485,488,517,518,501,529,370,394,357,369,300,291,246,236,220,218,169,175,143,123,87,83,58,168
S16000088,Clackmannanshire and Dunblane,Males,33707,282,314,312,356,384,365,382,406,366,333,385,438,419,414,421,429,401,406,453,567,507,446,469,462,450,432,404,401,372,380,318,395,376,366,338,322,360,336,382,409,364,371,350,415,409,396,452,469,512,514,544,551,588,522,511,535,497,503,514,441,487,394,459,377,392,389,415,400,353,387,425,416,416,327,303,278,260,243,219,174,180,187,181,125,148,95,87,87,60,55,172
S16000089,Clydebank and Milngavie,Males,33740,320,353,373,386,399,387,374,405,499,439,441,467,415,418,469,435,409,415,402,401,398,423,386,439,403,441,425,432,442,370,330,307,353,391,374,336,334,359,360,324,389,342,381,373,354,391,436,475,422,475,489,498,497,513,611,512,532,519,511,502,514,487,439,416,422,375,420,346,369,390,358,400,386,325,286,314,249,236,197,219,205,192,158,164,144,130,103,99,76,60,205
S16000090,Clydesdale,Males,35625,325,319,373,407,390,378,377,414,435,400,412,414,409,394,384,399,387,407,410,432,440,388,394,401,350,369,386,335,354,324,356,331,326,324,373,367,344,411,420,424,383,389,400,417,473,424,481,529,536,517,599,637,580,560,610,544,593,555,603,575,544,563,505,557,500,493,462,452,450,418,464,431,497,334,356,346,310,272,218,213,210,229,181,158,123,124,107,82,82,63,193
S16000091,Coatbridge and Chryston,Males,35293,403,412,380,457,450,444,419,441,418,466,514,476,452,500,468,468,412,396,392,401,440,424,465,425,432,466,420,483,407,457,388,465,396,445,466,409,442,455,528,497,499,449,425,459,477,514,466,511,533,543,542,570,550,539,549,576,514,566,435,502,434,476,376,389,404,363,398,338,340,352,327,329,297,272,209,189,247,216,177,181,170,165,114,106,116,83,70,57,45,29,126
S16000092,Cowdenbeath,Males,35483,362,379,376,368,416,431,451,449,463,489,448,452,400,419,435,385,382,369,429,366,418,342,365,382,439,453,439,470,417,423,467,425,405,394,373,403,400,462,424,441,465,410,383,456,415,445,503,504,485,485,563,559,556,588,547,552,480,482,537,527,519,469,488,422,425,433,370,390,421,408,382,418,493,324,317,285,271,277,219,207,214,164,163,139,115,98,101,80,70,57,191
S16000093,Cumbernauld and Kilsyth,Males,30881,296,346,316,349,355,343,386,372,366,355,356,407,429,394,400,396,396,379,384,379,441,361,481,402,431,400,389,418,434,384,351,371,334,349,350,399,379,385,382,364,347,340,362,441,378,382,407,388,443,454,457,481,516,471,474,470,426,506,451,404,401,354,389,362,352,343,346,339,314,305,333,350,369,274,253,239,217,176,160,165,154,139,114,116,96,74,92,54,55,43,96
S16000094,Cunninghame North,Males,32825,264,310,249,335,308,309,304,360,348,345,393,362,362,374,392,363,374,340,371,355,381,380,394,368,419,375,366,316,360,310,341,315,289,293,295,342,277,317,283,329,296,288,282,328,342,415,363,373,503,472,500,505,465,521,539,583,496,567,540,519,531,494,502,533,457,446,463,448,478,466,495,525,503,391,378,392,343,292,274,301,219,217,179,169,157,139,123,121,79,42,203
S16000095,Cunninghame South,Males,31326,282,344,375,383,374,382,383,401,420,375,400,413,439,434,380,354,369,361,384,360,366,427,459,418,431,435,420,424,442,311,375,382,333,323,332,286,333,358,349,355,349,320,290,349,315,358,391,445,374,380,480,440,508,421,464,491,479,489,414,455,470,434,418,380,418,367,370,380,349,360,328,397,388,296,272,265,253,204,164,216,216,152,130,127,95,88,91,84,55,48,127
S16000096,Dumbarton,Males,35971,340,348,364,345,364,387,406,460,407,393,438,400,387,398,400,414,391,337,385,475,519,555,580,484,488,562,477,469,469,416,413,468,422,418,391,363,429,436,480,399,433,410,401,375,374,382,441,483,480,443,531,535,549,574,577,508,592,567,570,517,494,512,472,524,502,466,420,428,418,393,410,436,426,363,323,318,245,240,193,212,178,183,162,128,110,128,97,78,70,55,168
S16000097,Dumfriesshire,Males,37112,320,333,314,349,353,354,388,351,416,415,392,411,437,425,405,395,406,359,378,374,394,428,373,397,436,399,362,343,389,371,351,359,370,402,369,367,359,360,358,349,355,359,321,396,319,366,397,520,483,564,539,565,584,614,645,616,654,587,619,590,582,556,549,513,558,565,557,526,518,549,535,545,564,439,407,411,395,333,343,338,289,288,249,221,172,171,168,135,100,91,241
S16000098,Dundee City East,Males,34275,372,371,366,380,390,359,414,420,451,377,398,358,369,356,386,354,314,330,316,297,294,363,494,510,464,537,589,723,721,679,651,611,574,515,558,447,443,483,403,411,350,372,341,408,339,343,365,380,421,415,460,453,416,455,483,494,493,459,439,459,515,446,428,360,382,345,342,339,350,324,347,367,412,293,246,246,211,231,189,222,202,182,156,144,130,118,99,110,84,53,209
S16000099,Dundee City West,Males,37853,375,367,410,402,382,379,435,439,403,382,431,380,367,347,358,364,398,375,534,816,896,957,884,844,775,757,745,842,783,772,708,642,666,549,572,550,488,466,480,391,392,350,382,342,338,311,355,398,491,423,443,442,448,463,439,419,461,452,455,447,365,450,453,403,360,351,329,336,296,305,319,314,374,265,226,252,218,179,170,198,178,158,138,141,126,114,92,71,81,53,176
S16000100,Dunfermline,Males,37830,403,378,467,446,456,456,459,454,545,489,527,497,481,461,428,489,434,430,412,383,364,323,353,388,411,474,415,448,421,468,465,461,460,510,467,495,477,506,478,513,540,497,485,444,512,544,537,609,607,590,558,570,618,527,597,599,536,550,539,524,505,489,448,451,430,398,407,373,394,398,411,430,510,329,310,296,269,274,188,212,174,174,166,141,125,115,101,70,56,48,163
S16000101,East Kilbride,Males,37602,392,387,417,420,430,417,439,474,455,432,457,452,456,407,434,421,353,415,412,430,457,465,479,507,484,529,486,503,460,463,452,476,412,431,453,448,427,455,461,467,428,403,451,426,445,494,455,514,580,552,578,547,598,589,632,643,681,637,633,599,562,532,497,507,433,462,407,390,362,357,354,387,386,295,276,278,252,231,227,189,205,202,170,160,129,110,112,94,79,59,198
S16000102,East Lothian,Males,38929,393,425,423,469,432,460,485,501,548,505,534,558,499,564,508,456,407,433,344,321,349,357,408,407,420,442,370,422,378,330,325,416,384,372,395,362,432,436,441,428,482,411,466,508,474,517,599,571,597,587,558,602,632,610,689,615,672,608,598,552,575,548,582,512,483,510,427,427,422,446,426,502,523,409,368,385,321,297,280,243,208,248,191,191,151,156,111,110,86,69,235
S16000103,Eastwood,Males,34224,347,337,405,442,478,496,508,574,578,542,499,555,545,516,534,492,445,431,450,418,407,414,420,392,360,393,347,311,285,311,254,274,273,273,273,312,300,381,358,434,415,445,420,430,434,463,517,491,513,481,493,480,524,495,475,506,452,458,480,482,459,449,442,426,399,354,394,370,326,348,330,348,381,295,274,285,242,220,215,181,223,212,185,178,134,130,123,101,76,65,241
S16000104,Edinburgh Central,Males,46428,255,272,279,287,268,286,326,274,298,259,253,233,213,236,224,248,241,326,664,1278,1584,1622,1537,1392,1264,1315,1352,1322,1317,1229,1224,1151,1067,995,941,889,830,733,718,676,650,567,617,542,566,456,507,576,463,454,463,517,505,453,517,512,508,462,397,412,380,355,384,355,305,326,349,321,286,280,284,256,294,225,180,178,171,149,124,147,108,112,82,106,102,90,89,63,74,44,187
S16000105,Edinburgh Eastern,Males,42468,532,528,539,547,477,514,524,479,505,464,479,513,467,453,425,388,415,407,304,319,353,368,408,499,534,572,747,725,834,781,804,757,725,727,685,716,699,658,666,643,593,542,604,566,516,569,588,560,551,560,547,519,547,554,612,585,584,553,570,526,482,542,475,451,454,449,414,404,408,363,371,392,455,304,274,276,258,200,204,212,190,216,162,178,147,138,100,111,91,52,269
S16000106,Edinburgh Northern and Leith,Males,47339,479,491,463,479,495,426,484,473,492,398,405,402,342,353,328,330,304,296,261,285,287,363,487,547,673,776,905,1149,1311,1349,1336,1366,1296,1272,1294,1033,1165,1041,971,913,946,759,643,700,674,722,670,659,656,585,588,635,654,607,583,531,591,469,550,447,467,438,407,443,392,361,354,333,323,296,320,284,305,211,209,190,191,162,155,142,141,141,139,106,92,107,81,67,76,40,177
S16000107,Edinburgh Pentlands,Males,39164,387,414,394,437,509,451,475,479,552,453,510,511,458,463,457,428,460,484,562,621,444,461,520,644,617,551,610,700,729,644,726,595,566,501,505,498,564,448,502,569,575,507,465,501,495,517,485,462,519,484,514,500,463,531,526,490,498,472,460,451,432,416,449,424,413,382,353,399,344,368,398,423,438,279,302,307,228,216,159,208,198,162,147,148,131,128,99,90,79,54,176
S16000108,Edinburgh Southern,Males,39468,324,322,313,355,388,374,389,373,403,394,387,359,395,347,401,343,284,309,252,453,794,968,970,930,874,854,761,802,944,887,859,816,708,698,673,603,591,540,507,541,553,484,489,435,471,466,488,508,513,464,456,486,482,477,444,459,465,474,439,427,384,385,369,377,352,347,343,321,314,356,344,317,344,243,272,219,211,193,175,149,176,150,158,147,145,112,113,79,93,59,256
S16000109,Edinburgh Western,Males,41436,467,469,480,540,511,620,581,565,565,548,592,570,562,447,477,464,465,410,334,297,286,314,425,434,476,432,595,600,667,669,631,594,573,567,577,585,599,647,588,617,554,554,558,554,567,525,543,585,596,533,586,552,617,561,617,547,609,577,571,513,558,529,494,491,414,469,413,411,378,384,400,379,455,293,264,275,262,234,230,229,217,179,206,175,184,131,125,115,99,63,221
S16000111,"Ettrick, Roxburgh and Berwickshire",Males,33070,304,324,299,345,316,369,370,364,374,310,359,332,340,342,340,358,344,302,313,320,309,305,335,347,305,318,307,276,292,324,295,300,239,300,270,286,275,291,330,378,311,263,300,321,336,371,397,427,420,481,490,521,515,557,566,537,579,578,573,541,541,544,562,480,516,478,485,452,493,524,523,591,596,445,390,396,387,323,283,303,263,278,199,190,164,145,129,93,105,88,213
S16000112,Falkirk East,Males,39365,355,421,411,488,433,457,444,496,495,493,473,435,497,447,472,446,418,416,472,493,493,463,460,445,462,433,467,439,474,469,455,462,471,465,490,478,458,512,537,504,501,484,476,483,535,493,548,582,604,646,595,588,660,570,685,636,627,570,571,535,532,546,525,442,438,440,455,388,402,479,445,429,505,345,314,324,299,248,230,212,221,180,161,154,134,133,102,81,71,59,183
S16000113,Falkirk West,Males,39486,410,399,362,440,448,430,442,491,497,474,485,487,492,453,474,425,448,457,392,469,461,474,451,509,491,440,483,482,508,513,475,481,431,496,518,450,440,512,506,529,523,521,503,500,531,558,583,628,647,614,633,634,598,630,608,624,613,600,560,554,534,508,465,473,400,416,406,422,438,384,412,445,492,308,319,284,293,225,220,220,204,190,170,150,167,129,98,90,83,58,196
S16000114,Galloway and West Dumfries,Males,35323,270,286,348,321,321,381,344,394,374,390,400,374,393,398,401,365,370,388,373,346,380,377,352,406,414,392,372,377,338,343,373,377,356,327,393,340,309,346,338,357,292,284,302,331,369,408,395,424,478,454,488,462,500,556,594,599,558,576,569,550,552,570,527,510,505,523,490,524,536,524,591,558,581,438,395,424,363,354,314,284,253,262,254,238,183,161,146,115,103,82,270
S16000115,Glasgow Anniesland,Males,35884,395,390,462,434,399,424,409,453,463,430,457,465,400,417,399,380,377,391,350,324,342,355,375,470,504,497,623,760,676,650,706,654,599,613,645,582,574,557,565,560,544,479,425,430,427,438,471,467,529,444,492,527,505,546,506,494,482,477,471,439,457,419,404,407,390,326,289,304,299,306,317,281,267,214,192,223,197,180,117,144,121,125,111,106,96,80,81,61,44,44,163
S16000116,Glasgow Cathcart,Males,36010,367,406,415,384,403,377,404,419,349,372,382,400,392,351,339,388,321,332,328,308,328,329,340,397,417,486,612,738,746,736,716,753,700,764,701,627,702,595,621,653,537,439,446,463,429,494,416,486,486,470,509,462,496,514,470,455,475,467,468,419,399,442,429,416,411,350,373,371,300,305,329,357,295,255,238,198,209,196,167,141,130,141,143,96,102,65,83,64,61,34,111
S16000117,Glasgow Kelvin,Males,47772,326,269,299,284,278,316,299,295,305,234,234,217,181,201,189,186,200,263,716,1392,1689,1853,1917,2026,1847,1763,1538,1618,1543,1452,1385,1276,1097,965,990,885,788,783,723,641,598,525,493,484,492,451,511,463,454,415,507,421,444,414,383,401,421,405,384,347,353,344,307,358,293,282,292,254,238,213,236,227,243,161,157,145,143,91,112,119,101,82,97,74,63,36,54,45,44,36,96
S16000118,Glasgow Maryhill and Springburn,Males,36783,416,424,405,412,436,418,442,420,456,395,435,385,365,382,362,379,402,355,396,427,388,447,499,592,616,624,720,863,834,790,762,720,673,789,618,597,625,597,544,564,457,420,414,436,416,413,495,474,468,512,432,515,430,482,492,473,464,530,461,432,405,376,358,368,355,311,307,278,302,283,285,291,312,232,197,211,196,183,148,140,151,127,126,113,94,88,73,69,47,36,131
S16000119,Glasgow Pollok,Males,38494,476,473,520,513,543,514,495,572,485,438,530,466,479,476,470,484,510,445,381,425,415,486,447,463,486,551,631,709,718,695,669,670,615,644,584,601,577,576,559,497,494,454,437,450,452,457,398,480,449,499,526,554,563,544,516,534,545,538,532,514,504,462,460,458,387,384,345,358,346,325,245,270,308,232,233,201,191,172,160,158,150,118,131,91,102,81,61,54,67,59,157
S16000147,Glasgow Provan,Males,37441,435,415,462,461,456,471,455,494,516,420,428,411,423,416,396,337,377,353,376,366,368,499,562,565,607,686,783,883,894,777,846,735,783,728,708,655,647,619,569,537,534,462,430,427,437,389,404,446,463,456,429,465,487,450,503,498,517,502,468,461,421,405,374,315,324,331,328,302,298,247,245,265,300,203,175,178,152,152,147,144,136,124,106,108,90,69,79,58,56,41,121
S16000121,Glasgow Shettleston,Males,39986,466,483,464,433,514,471,495,444,462,408,394,405,361,379,361,323,326,411,456,497,524,583,688,739,744,719,782,962,884,928,825,810,780,756,684,612,645,614,586,554,549,495,407,466,446,443,396,466,442,488,540,513,547,467,484,548,543,517,492,532,447,463,450,444,410,339,343,325,305,310,326,295,330,244,215,229,210,187,167,128,161,151,115,103,98,84,82,65,53,36,118
S16000122,Glasgow Southside,Males,37666,428,414,430,427,434,438,425,412,436,363,326,344,303,310,295,318,276,315,289,367,417,392,488,549,658,692,850,1043,996,951,953,926,860,897,795,843,762,720,727,675,619,596,494,515,449,455,514,459,491,493,497,476,470,463,461,418,474,441,372,330,404,308,333,293,292,309,266,233,308,247,209,238,243,157,168,178,151,150,137,141,116,108,109,85,82,68,46,65,44,34,113
S16000123,Greenock and Inverclyde,Males,34787,330,327,343,361,382,386,364,401,428,429,382,417,409,358,422,403,362,330,381,390,430,419,441,451,446,424,440,479,488,433,422,432,405,454,398,400,414,450,387,403,389,357,358,343,378,377,404,442,432,460,458,551,569,564,589,564,618,631,604,547,556,484,487,487,445,384,420,394,428,411,381,357,407,353,273,327,277,231,233,195,201,187,165,137,145,94,92,85,61,64,170
S16000124,"Hamilton, Larkhall and Stonehouse",Males,35943,380,413,453,390,455,395,428,436,439,424,389,412,439,436,387,429,369,357,415,433,414,397,418,437,454,392,487,453,447,448,373,453,420,443,441,467,432,471,484,518,464,402,408,449,480,473,518,546,578,544,571,567,585,511,540,542,576,463,544,525,438,459,463,434,403,412,423,387,378,348,366,389,391,350,287,320,262,248,209,199,203,197,158,159,110,109,99,75,63,53,137
S16000125,Inverness and Nairn,Males,43819,444,406,452,505,497,486,472,490,546,484,574,575,511,491,508,488,463,471,511,453,503,498,488,490,520,583,469,533,565,528,527,595,546,610,576,655,531,577,659,640,609,594,499,526,576,552,551,644,633,596,605,649,688,649,655,664,625,621,594,617,594,557,556,560,496,550,497,478,456,487,485,517,466,404,346,341,336,298,242,229,233,231,179,192,157,160,125,123,101,91,265
S16000126,Kilmarnock and Irvine Valley,Males,40205,392,424,419,465,514,444,456,564,505,511,433,480,496,438,462,467,413,405,436,447,399,489,484,471,482,532,473,481,500,491,497,508,533,522,485,440,503,503,492,491,481,450,442,470,496,485,539,572,558,564,639,631,584,646,629,618,602,583,608,579,626,530,533,467,487,500,507,440,442,431,454,433,525,392,362,351,308,226,243,218,257,229,185,160,145,117,108,87,74,54,191
S16000127,Kirkcaldy,Males,37887,409,452,433,442,467,458,470,492,517,535,465,479,431,455,439,428,400,375,390,418,404,389,386,457,440,457,473,485,482,450,432,437,434,433,411,453,444,469,447,449,420,434,436,491,434,507,506,483,531,499,548,588,655,523,568,520,535,566,527,561,497,468,503,482,457,477,430,429,460,418,470,434,490,364,350,336,299,264,227,237,225,198,168,179,151,130,123,108,87,64,243
S16000128,Linlithgow,Males,47130,506,549,590,559,674,635,590,625,721,653,662,671,644,597,594,583,524,492,479,427,507,480,493,559,537,558,546,525,550,548,554,630,650,585,636,621,656,657,644,691,666,602,582,608,656,650,673,707,731,673,732,715,709,688,787,677,696,633,665,647,612,595,536,565,490,435,445,430,426,447,451,470,500,370,377,326,337,283,259,243,228,191,210,161,159,131,101,98,74,64,217
S16000129,Mid Fife and Glenrothes,Males,33736,329,352,359,401,386,436,411,427,418,408,407,418,432,384,414,403,374,388,386,351,387,325,343,388,386,410,387,408,361,389,362,394,353,367,382,335,371,386,434,403,358,333,374,351,340,376,393,445,494,480,509,557,556,496,525,553,520,478,505,551,489,503,491,468,435,454,380,390,399,396,407,428,426,349,339,302,305,262,202,224,200,185,150,143,133,142,100,85,59,48,193
S16000130,Midlothian North and Musselburgh,Males,41448,505,527,574,582,555,565,496,594,488,530,513,461,519,495,480,458,420,464,507,513,469,442,465,524,534,527,530,525,558,498,489,558,518,587,503,562,558,539,546,573,554,510,458,482,507,553,550,518,569,591,542,589,563,546,591,577,613,630,595,567,567,513,535,491,423,443,434,427,421,430,430,424,494,362,344,330,306,250,245,200,215,213,158,137,149,113,96,105,86,75,176
S16000131,"Midlothian South, Tweeddale and Lauderdale",Males,38543,407,419,409,469,447,484,461,470,535,481,502,454,422,484,453,462,449,453,430,396,449,410,408,438,439,393,398,409,350,407,426,421,421,419,441,401,407,444,419,464,428,419,409,469,481,477,506,594,567,550,622,614,630,590,640,589,596,594,533,574,541,536,495,567,494,511,491,492,474,467,459,468,523,390,350,329,305,252,226,229,241,209,181,184,153,119,91,81,95,72,185
S16000132,Moray,Males,40145,364,386,384,438,404,423,454,397,504,468,465,541,471,490,427,443,492,493,466,473,484,440,482,554,506,478,446,524,467,424,423,504,518,435,489,483,435,418,446,554,528,433,423,487,456,504,509,562,591,595,611,640,646,609,604,613,600,624,586,575,517,558,507,538,471,470,498,458,476,456,443,503,458,369,340,365,339,279,270,254,252,229,237,161,177,159,138,98,94,74,268
S16000133,Motherwell and Wishaw,Males,37206,368,402,429,413,438,414,434,477,478,463,457,523,459,446,444,467,444,390,410,403,456,436,458,500,468,458,503,493,515,410,444,506,450,479,512,458,523,516,525,536,526,449,429,501,436,448,501,571,564,546,563,588,599,565,606,589,508,527,537,472,502,451,474,447,400,405,378,368,325,366,351,378,369,275,270,274,226,210,222,228,187,196,145,143,125,101,114,75,60,58,153
S16000110,Na h-Eileanan an Iar,Males,13196,93,120,138,130,107,140,120,166,138,147,157,168,155,156,144,149,138,118,111,105,126,100,128,132,123,139,88,124,85,119,141,126,150,120,119,134,115,141,130,135,144,140,155,145,161,164,173,189,226,189,210,214,234,189,202,230,203,247,202,210,229,193,212,192,213,184,210,178,162,215,187,208,202,152,129,141,118,120,104,104,125,96,75,63,66,57,49,30,37,21,122
S16000134,North East Fife,Males,36478,228,257,295,307,313,322,343,358,356,333,358,354,325,361,358,342,360,334,537,839,1013,1002,933,742,586,512,497,448,466,406,426,360,305,357,356,320,329,402,385,327,378,297,404,342,385,369,398,390,440,458,516,454,485,471,508,482,562,530,504,511,467,528,491,431,446,454,449,416,424,439,443,495,547,410,377,360,330,299,292,227,260,249,216,185,187,104,117,108,85,71,235
S16000135,Orkney Islands,Males,11086,107,89,106,89,116,111,129,133,126,117,137,114,138,120,115,115,110,106,103,83,113,104,134,125,128,108,120,112,116,140,118,131,135,111,141,100,124,114,105,128,109,122,102,122,120,109,129,143,142,174,151,167,182,184,187,179,207,169,187,189,170,162,176,146,146,161,171,137,150,131,161,134,159,118,114,133,107,107,72,95,94,80,59,57,62,47,32,35,19,32,74
S16000136,Paisley,Males,35474,358,329,385,360,349,389,384,379,353,382,398,391,363,374,356,361,363,354,393,404,433,471,543,461,536,540,517,538,538,586,550,568,551,516,481,473,532,482,541,462,440,394,358,387,375,462,366,472,492,516,536,526,523,548,582,562,553,582,571,473,503,509,461,426,422,363,366,353,357,339,339,303,368,255,272,263,219,191,217,163,182,176,139,123,133,94,88,82,55,53,198
S16000137,Perthshire North,Males,36160,302,277,307,331,364,342,336,373,395,359,377,362,370,310,346,357,366,376,398,381,349,381,403,381,387,461,486,447,534,413,367,421,460,465,418,468,446,415,499,416,445,433,404,412,410,365,389,471,457,505,440,502,517,582,584,569,646,510,524,535,558,559,448,475,482,503,499,452,448,503,474,473,514,444,332,357,317,307,256,303,265,259,231,200,190,164,146,153,132,90,280
S16000138,Perthshire South and Kinross-shire,Males,38569,342,383,351,406,433,455,438,447,445,478,485,483,472,418,510,465,502,439,441,447,450,432,405,434,404,489,430,462,428,352,369,413,346,400,409,437,465,443,444,457,457,371,372,420,354,462,470,537,527,508,593,575,604,623,646,654,589,601,575,486,530,541,543,507,505,472,566,489,465,439,482,495,536,377,367,372,333,284,279,289,265,213,187,180,189,157,147,149,104,94,280
S16000139,Renfrewshire North and West,Males,32227,325,336,314,331,350,353,378,400,365,377,363,394,374,381,387,401,362,353,356,360,331,381,409,383,359,408,412,394,413,395,394,392,410,416,408,414,406,380,441,381,389,352,361,358,387,369,422,394,426,447,483,513,477,508,520,456,479,448,492,496,465,430,433,389,406,443,368,343,368,337,342,353,414,315,316,283,264,244,213,175,182,179,150,135,108,110,83,67,66,57,225
S16000140,Renfrewshire South,Males,32857,341,364,408,391,362,382,423,415,432,392,392,407,413,371,388,388,351,380,364,416,386,375,406,391,434,422,412,449,428,405,409,381,419,406,409,364,386,388,426,349,342,319,345,361,356,353,426,437,425,467,477,484,513,573,522,557,554,582,483,471,533,469,460,452,355,334,355,342,347,342,336,359,381,270,236,259,214,193,200,190,207,143,175,149,145,94,90,89,66,57,143
S16000141,Rutherglen,Males,37236,415,431,464,454,475,480,484,525,437,406,459,434,417,417,424,389,389,396,388,435,442,429,443,417,414,494,455,503,472,394,468,475,470,477,486,429,537,499,566,545,472,424,445,434,451,515,508,570,530,587,531,542,518,529,528,528,537,557,525,551,513,499,505,472,438,503,481,412,402,404,390,398,421,304,277,284,274,236,191,212,146,159,144,132,103,98,84,84,64,50,140
S16000142,Shetland Islands,Males,11685,109,115,139,128,120,121,143,145,167,162,146,128,151,135,149,142,139,124,112,123,119,115,121,132,136,145,124,144,107,141,133,155,157,163,121,122,125,139,142,136,159,120,149,138,158,150,182,171,149,157,156,170,176,198,182,178,179,171,182,146,166,157,140,156,157,146,121,150,133,140,137,149,168,110,90,107,104,89,70,80,65,58,58,57,48,34,29,25,27,16,52
S16000143,"Skye, Lochaber and Badenoch",Males,37363,311,326,358,387,376,384,367,395,417,404,448,410,456,458,448,419,448,421,421,379,408,354,398,372,432,360,380,360,368,351,360,363,408,413,419,379,340,415,418,406,387,362,389,404,409,368,481,478,554,553,556,619,578,635,636,640,618,619,588,602,572,577,584,551,542,569,517,546,535,498,505,549,543,411,379,407,332,334,222,258,241,226,197,159,166,137,124,113,79,58,219
S16000144,Stirling,Males,37069,336,375,388,406,370,391,428,414,426,403,424,442,413,404,414,467,405,422,388,424,533,601,661,577,545,526,470,508,532,534,548,439,421,420,391,456,421,446,390,410,468,374,402,464,421,408,405,478,509,534,580,561,521,578,611,586,589,511,527,581,476,494,481,448,419,391,430,411,403,420,397,395,466,324,255,328,281,238,220,244,224,173,178,147,152,103,107,106,71,51,159
S16000148,Strathkelvin and Bearsden,Males,38838,361,412,481,435,444,458,476,438,506,485,473,455,432,463,450,475,389,406,450,458,426,489,436,513,505,493,486,458,473,482,439,427,415,434,463,374,411,462,421,431,474,378,427,445,425,407,467,478,562,518,523,530,563,554,620,630,604,626,578,545,595,548,541,529,508,476,473,405,470,440,429,471,493,318,372,339,310,265,238,273,230,241,256,207,200,169,125,136,100,93,249
S16000146,Uddingston and Bellshill,Males,36187,416,407,385,470,360,432,424,446,478,412,426,496,447,389,448,450,401,421,431,409,454,418,466,450,464,486,459,473,444,471,452,474,492,483,452,460,471,500,513,492,484,453,387,472,455,447,507,484,511,537,590,477,581,553,574,554,521,552,539,511,506,472,488,428,397,436,394,355,351,423,376,375,377,296,256,260,247,188,180,149,174,151,135,116,91,80,73,76,54,45,127
,,,,,,,,,,,,,,,,,,,,,,,,,,,,,,,,,,,,,,,,,,,,,,,,,,,,,,,,,,,,,,,,,,,,,,,,,,,,,,,,,,,,,,,,,,,,,,
,,,,Age ,,,,,,,,,,,,,,,,,,,,,,,,,,,,,,,Age ,,,,,,,,,,,,,,,,,,,,,,,,,,,,,,Age ,,,,,,,,,,,,,,,,,,,,,,,,,,,,,
Area code,Area name,Sex,All Ages,0,1,2,3,4,5,6,7,8,9,10,11,12,13,14,15,16,17,18,19,20,21,22,23,24,25,26,27,28,29,30,31,32,33,34,35,36,37,38,39,40,41,42,43,44,45,46,47,48,49,50,51,52,53,54,55,56,57,58,59,60,61,62,63,64,65,66,67,68,69,70,71,72,73,74,75,76,77,78,79,80,81,82,83,84,85,86,87,88,89,90+
,Scotland,Females,2800297,24634,25675,26221,27272,27931,28087,28829,29392,30495,29216,30000,29891,28588,28135,27573,27014,26428,26256,27931,30157,32426,33432,35056,35144,35332,36292,37629,39778,39398,38013,37992,38188,37272,36601,36775,35630,36112,36673,36109,35374,33774,31920,30822,32847,33279,33508,35671,38220,39969,39278,40785,41473,41221,41241,42430,42245,41909,40514,39564,38116,37971,36854,35598,34439,32979,32241,31538,30335,30482,30388,30897,31711,34215,25481,24213,24270,23327,21360,19566,19542,18728,17788,16665,15555,14223,12865,11405,10617,9213,7847,30247
SPC 2014 Code,SPC 2014 Name,,,,,,,,,,,,,,,,,,,,,,,,,,,,,,,,,,,,,,,,,,,,,,,,,,,,,,,,,,,,,,,,,,,,,,,,,,,,,,,,,,,,,,,,,,,,,
S16000074,Aberdeen Central,Females,40510,352,333,339,361,349,303,378,320,305,343,267,252,267,233,278,239,214,232,633,1138,1350,1333,1370,1108,1085,992,983,1090,1061,930,945,871,807,766,723,604,651,562,537,570,463,484,424,432,456,405,429,439,429,425,393,365,392,380,430,385,416,415,340,373,376,345,329,325,308,245,267,290,264,238,270,271,317,205,159,173,199,200,165,185,182,159,151,152,138,141,104,117,75,79,332
S16000075,Aberdeen Donside,Females,41260,463,463,459,455,458,462,480,493,430,405,438,458,404,363,352,362,352,348,289,236,291,335,404,431,461,449,567,714,735,737,635,657,602,683,717,626,690,663,617,606,510,486,436,495,476,476,493,523,555,533,557,549,539,605,600,594,564,568,555,541,518,533,525,511,523,484,442,465,441,437,460,477,534,360,331,305,308,301,285,282,254,248,226,226,205,180,169,172,135,127,351
S16000076,Aberdeen South and North Kincardine,Females,41076,416,427,438,460,448,453,411,487,514,456,460,464,413,461,422,361,401,363,346,289,329,351,432,445,465,415,504,580,579,617,604,574,568,618,620,603,643,636,590,617,618,536,537,534,452,466,556,593,589,539,586,576,553,603,620,639,669,611,586,540,546,515,472,512,425,442,394,390,385,387,422,378,426,361,295,328,283,312,280,266,264,288,247,245,214,177,166,181,150,138,504
S16000077,Aberdeenshire East,Females,40711,432,440,380,487,468,467,455,463,440,535,533,489,470,476,394,425,398,404,391,334,329,299,299,364,354,402,436,429,401,413,442,458,519,487,518,542,545,621,560,551,544,524,505,568,565,592,539,536,662,604,659,624,637,647,664,676,616,622,579,579,545,548,523,551,534,536,492,463,479,489,474,447,486,406,373,323,309,324,254,274,261,234,226,176,180,163,129,144,113,90,373
S16000078,Aberdeenshire West,Females,38395,356,382,404,407,433,455,401,422,530,534,520,481,511,480,455,428,423,402,354,271,299,284,275,238,324,305,321,307,335,342,341,422,385,437,473,490,499,479,501,552,509,485,532,510,544,545,600,601,684,587,652,579,598,630,594,538,605,568,544,521,517,490,525,519,486,513,475,469,459,447,468,447,499,372,336,308,318,285,261,261,224,213,233,198,202,182,131,147,124,114,488
S16000079,Airdrie and Shotts,Females,36172,352,367,355,372,417,366,413,382,402,376,462,433,403,373,392,390,403,400,410,380,401,397,424,447,432,428,422,447,453,480,430,497,483,486,482,494,482,475,510,516,448,448,382,459,450,459,498,538,536,534,606,594,572,529,593,547,555,520,498,472,472,473,454,430,439,395,418,398,349,382,402,377,388,307,301,292,284,248,216,217,232,219,183,180,158,140,125,85,80,61,195
S16000080,Almond Valley,Females,44106,369,425,455,486,491,495,547,481,563,513,537,554,526,560,557,540,517,550,498,487,471,446,489,464,485,514,515,528,498,501,492,559,625,586,576,560,647,635,603,536,573,514,499,518,616,617,682,655,697,760,725,749,755,719,700,691,695,685,627,582,571,556,489,489,457,492,501,497,449,447,475,500,463,381,334,320,294,297,251,241,246,187,183,156,153,125,99,112,78,55,268
S16000081,Angus North and Mearns,Females,35944,304,341,351,362,340,370,393,379,388,420,380,384,391,377,404,406,391,350,316,247,279,288,342,331,335,364,334,356,357,322,359,407,401,403,410,417,404,493,468,426,414,454,416,420,440,515,518,538,514,517,578,531,552,581,597,536,595,562,569,552,501,486,493,486,438,443,465,410,407,421,427,485,541,343,364,351,325,327,285,301,264,247,237,226,214,163,182,146,135,118,524
S16000082,Angus South,Females,37584,262,281,331,338,328,382,395,407,392,425,385,420,369,367,403,397,377,393,399,314,326,345,353,361,334,342,365,345,341,310,371,390,429,438,390,421,458,439,444,422,407,406,383,416,412,448,514,497,562,488,554,553,580,551,602,589,589,604,583,544,554,537,522,487,486,526,540,493,510,480,576,573,656,428,423,426,393,346,318,316,291,299,275,231,225,227,174,181,155,113,552
S16000083,Argyll and Bute,Females,30762,229,199,221,251,265,268,252,322,290,295,324,293,295,292,281,292,275,275,298,264,244,235,260,289,257,265,213,221,219,285,283,255,261,277,300,287,335,285,317,289,293,266,333,335,370,347,379,422,409,459,457,436,483,509,583,556,517,524,498,526,506,504,485,483,453,436,460,489,500,454,464,479,549,408,375,376,339,337,323,301,309,255,281,241,230,165,157,173,144,110,416
S16000084,Ayr,Females,39623,274,297,304,336,371,349,308,360,382,340,380,403,386,392,404,358,337,363,331,380,363,410,400,410,373,411,357,384,359,373,390,415,419,379,378,377,367,423,417,417,370,406,378,450,444,427,485,542,525,573,553,602,581,563,651,612,627,585,654,597,610,641,616,576,613,586,566,560,574,543,576,563,679,535,473,492,423,429,378,402,337,339,332,320,287,240,248,191,173,158,661
S16000085,Banffshire and Buchan Coast,Females,37963,342,388,392,411,367,418,414,437,447,434,460,433,372,401,385,361,393,371,332,375,353,333,342,385,389,430,433,420,424,449,448,451,477,477,464,425,411,444,458,438,402,416,435,445,427,482,486,540,557,565,588,542,607,592,586,569,608,504,514,501,546,524,507,501,501,446,467,453,449,473,470,490,520,404,365,357,383,350,302,304,279,265,237,234,195,198,181,154,159,83,416
S16000086,"Caithness, Sutherland and Ross",Females,35376,279,266,283,325,330,314,345,324,347,363,390,387,365,338,358,364,377,385,331,265,316,289,305,299,304,366,308,296,287,324,328,378,343,355,426,393,413,395,378,361,372,356,372,356,388,427,436,471,506,504,521,585,550,567,600,608,562,551,601,546,567,560,531,515,488,494,509,481,516,505,496,498,543,437,361,418,417,361,329,312,292,281,248,238,201,221,184,186,122,125,461
S16000087,"Carrick, Cumnock and Doon Valley",Females,39133,347,356,353,395,374,332,379,433,432,434,432,388,407,397,395,404,388,370,386,329,356,380,407,402,391,412,418,385,442,369,395,411,445,409,431,429,398,446,454,485,407,382,359,390,470,439,459,528,607,609,622,659,660,689,672,650,697,655,618,582,582,621,560,520,490,516,522,515,490,497,489,556,560,409,441,384,407,363,297,294,282,298,260,224,197,190,157,162,138,103,459
S16000088,Clackmannanshire and Dunblane,Females,35008,247,295,329,309,315,310,349,391,360,388,381,408,412,385,386,381,384,341,527,534,465,436,413,390,413,378,365,415,394,375,356,396,356,361,403,365,351,406,382,382,389,388,384,397,435,426,524,548,504,533,564,552,576,532,551,550,565,520,471,489,471,486,452,442,437,450,410,357,443,430,411,432,504,340,359,359,346,284,266,238,253,221,223,202,160,117,126,135,92,113,317
S16000089,Clydebank and Milngavie,Females,36508,281,307,357,367,358,382,404,376,394,406,379,429,421,417,403,367,377,391,357,317,361,336,354,383,371,378,398,404,344,367,361,419,338,402,413,384,395,391,473,407,458,398,382,441,427,418,496,500,560,561,609,604,625,538,592,626,585,567,574,494,532,512,530,448,506,427,442,416,412,459,435,446,434,370,347,338,335,300,293,317,315,241,249,240,224,201,207,159,151,112,486
S16000090,Clydesdale,Females,37303,304,316,315,309,360,391,371,349,430,395,401,395,440,361,421,382,393,381,381,378,355,332,358,358,355,374,333,359,349,342,333,340,384,392,385,393,413,455,409,469,415,435,450,430,476,480,506,569,545,620,609,613,631,603,612,690,601,605,552,531,640,557,531,558,530,515,464,481,481,495,486,480,511,396,336,377,334,310,311,288,258,234,249,233,182,177,160,135,125,102,433
S16000091,Coatbridge and Chryston,Females,37946,397,382,367,394,414,412,413,478,468,472,448,427,442,414,437,440,423,402,406,431,412,437,426,419,405,406,466,483,491,445,445,526,524,481,518,484,552,511,567,503,465,504,477,522,509,493,528,610,544,567,582,597,565,562,590,603,606,553,549,505,468,491,457,428,425,418,391,379,364,392,381,343,388,285,269,279,319,254,194,253,226,193,180,175,165,145,119,119,90,97,360
S16000092,Cowdenbeath,Females,36781,337,377,353,381,382,389,378,381,429,417,428,399,397,384,388,373,380,352,427,345,330,337,367,333,411,447,447,446,485,472,444,429,481,459,457,443,472,444,486,468,482,417,395,479,450,455,487,526,575,505,565,536,570,574,585,555,558,546,510,547,477,543,449,482,436,407,421,394,434,420,444,475,519,365,349,366,332,303,231,251,230,222,219,181,174,151,157,140,100,87,350
S16000093,Cumbernauld and Kilsyth,Females,33293,300,325,352,308,299,324,329,351,394,361,420,335,378,377,380,385,353,357,360,333,400,394,423,372,357,364,377,462,388,336,398,312,366,411,390,403,381,449,400,431,442,381,389,408,395,428,414,498,522,504,535,570,534,524,549,536,526,480,418,467,482,462,381,455,428,394,402,369,387,359,377,415,429,307,309,291,310,264,220,221,253,227,203,181,155,111,106,94,77,65,204
S16000094,Cunninghame North,Females,36182,247,257,248,289,286,316,306,328,388,315,347,362,380,328,349,363,365,378,365,318,362,378,380,330,368,374,312,329,328,341,351,380,348,354,339,337,335,376,398,356,363,341,336,440,388,392,459,509,521,558,578,587,586,588,605,620,601,531,571,550,602,589,522,540,487,527,558,489,515,467,548,525,577,464,436,421,402,399,343,345,286,280,287,271,227,219,174,174,138,117,518
S16000095,Cunninghame South,Females,34407,267,314,342,339,357,368,358,400,406,381,425,376,388,400,371,350,353,306,357,353,332,355,355,426,418,447,419,419,428,386,397,445,416,413,407,384,392,397,402,380,367,364,382,403,471,429,448,476,529,508,496,503,556,546,546,558,590,555,474,484,489,478,465,456,445,443,417,394,383,380,422,445,486,313,294,315,315,293,257,248,210,229,152,164,136,154,132,120,94,63,301
S16000096,Dumbarton,Females,36896,332,299,332,363,348,391,384,396,389,429,394,390,374,357,388,376,372,367,379,367,355,351,371,355,377,370,463,429,436,415,440,370,392,411,404,381,427,410,479,444,399,379,363,416,419,428,457,512,559,580,553,573,577,637,602,596,664,571,583,576,563,562,544,563,466,506,465,432,448,455,438,521,524,360,363,337,312,291,277,279,279,241,232,195,211,190,151,138,125,102,375
S16000097,Dumfriesshire,Females,38792,289,328,303,313,351,312,347,331,411,365,420,395,373,384,403,352,394,333,341,300,319,389,355,371,393,402,385,377,376,412,378,425,405,368,376,407,393,403,363,411,389,409,362,395,449,426,476,523,589,556,650,592,657,623,649,680,680,640,612,617,578,597,563,604,597,533,535,551,508,512,542,534,597,452,461,469,444,435,389,373,324,259,294,274,245,240,199,178,156,148,474
S16000098,Dundee City East,Females,36929,326,342,330,345,386,366,393,410,390,371,406,359,374,336,335,321,322,343,286,301,343,422,537,519,497,496,589,729,697,701,555,567,561,510,557,522,477,524,504,472,449,409,377,402,411,368,400,409,449,462,481,482,468,489,508,512,512,519,544,498,464,469,469,414,405,365,401,368,350,412,384,439,473,348,320,299,309,266,255,245,263,270,243,224,224,250,167,154,137,134,438
S16000099,Dundee City West,Females,40263,344,373,404,354,392,355,395,429,377,340,343,420,339,343,375,329,321,316,663,1142,1207,1197,1002,848,754,655,697,752,778,731,664,655,598,523,526,534,476,502,488,387,413,349,388,383,350,369,397,437,441,415,429,459,444,485,567,468,536,518,520,504,452,478,452,394,369,346,386,327,341,345,356,373,415,282,288,263,228,286,248,232,232,252,189,194,187,178,153,143,125,108,441
S16000100,Dunfermline,Females,39866,388,399,411,427,461,447,455,476,494,411,482,474,457,508,422,409,424,364,360,312,316,289,339,390,435,474,460,495,479,518,480,503,541,506,522,521,555,529,556,571,549,541,500,523,552,533,579,603,635,612,607,610,577,595,615,618,578,545,516,544,568,511,481,501,470,454,427,412,458,451,438,502,522,351,359,370,318,278,269,251,206,217,213,202,156,172,132,114,94,89,388
S16000101,East Kilbride,Females,40065,354,405,356,387,411,363,420,383,434,409,449,448,428,433,401,422,374,421,371,424,436,408,445,409,446,517,473,515,489,440,455,465,433,457,465,493,489,500,510,483,466,515,413,420,467,438,504,532,591,608,579,660,647,610,625,729,697,694,679,651,653,573,557,487,513,468,462,442,428,366,384,412,428,354,304,339,362,318,301,285,270,287,254,256,235,215,189,175,166,131,505
S16000102,East Lothian,Females,41704,385,362,389,435,459,475,454,499,524,495,514,542,511,476,415,451,410,387,369,271,247,329,362,335,366,401,442,485,409,404,404,370,430,460,450,439,516,521,555,482,535,474,500,530,519,541,578,619,690,643,671,726,699,597,675,665,668,648,602,638,612,556,563,549,562,512,510,507,494,478,497,569,547,423,388,468,378,373,339,306,307,310,253,257,210,232,193,150,142,137,434
S16000103,Eastwood,Females,37104,298,318,382,422,419,450,517,504,525,520,503,503,521,505,475,490,458,453,384,347,339,319,338,314,299,286,311,277,266,279,326,353,315,309,323,381,387,411,489,500,493,520,516,523,501,485,548,534,556,527,588,551,565,510,549,574,543,536,491,523,460,468,480,484,435,428,414,399,385,375,410,452,481,346,360,362,356,287,310,271,251,259,241,256,221,227,186,188,154,141,568
S16000104,Edinburgh Central,Females,48852,275,258,251,270,237,262,265,266,351,261,241,253,232,219,218,231,271,319,795,1585,2016,2143,2024,2069,1672,1587,1514,1457,1366,1434,1235,1169,992,901,855,816,677,604,593,587,498,533,495,461,469,481,469,437,450,415,439,409,457,440,437,440,390,399,361,419,397,372,347,359,296,302,293,337,281,294,290,247,324,236,221,215,192,164,188,191,165,176,150,156,130,110,121,114,100,97,317
S16000105,Edinburgh Eastern,Females,45687,429,463,519,448,444,502,465,465,528,451,559,491,427,445,390,377,334,391,317,318,304,329,426,550,608,664,749,877,970,829,906,844,824,763,796,735,735,731,660,654,672,563,609,583,560,580,601,578,588,542,557,580,532,626,618,610,620,574,569,574,596,588,552,499,455,462,463,404,456,454,441,444,493,373,361,317,330,318,279,292,260,288,239,227,217,190,207,162,176,138,553
S16000106,Edinburgh Northern and Leith,Females,47971,450,484,411,409,446,393,469,456,497,430,425,405,358,319,324,300,235,269,276,325,360,366,512,665,847,1004,1161,1327,1537,1506,1425,1410,1237,1183,1059,1052,1023,1089,954,892,757,674,641,617,614,601,565,646,648,527,547,597,564,492,485,523,563,520,511,458,480,425,436,369,361,379,357,324,334,348,324,325,330,234,222,227,210,212,196,190,182,187,155,161,148,154,117,130,124,91,399
S16000107,Edinburgh Pentlands,Females,39095,380,376,427,431,437,455,467,469,459,459,476,486,431,454,359,351,396,411,413,442,337,366,386,475,527,500,541,625,665,548,634,553,533,492,529,516,553,614,521,514,562,528,488,466,473,475,436,545,537,494,493,537,539,491,516,548,507,474,484,476,433,505,491,400,452,375,381,442,388,411,423,441,475,390,311,317,302,265,272,235,236,245,226,241,202,158,142,147,152,128,432
S16000108,Edinburgh Southern,Females,42414,292,307,301,303,344,377,347,360,373,400,396,346,368,347,314,315,302,255,292,654,1011,1097,1210,998,898,956,834,921,953,875,849,761,640,684,641,602,563,541,520,520,497,472,459,448,466,423,482,507,529,469,503,481,500,470,487,476,466,443,447,446,439,404,422,406,366,402,379,373,380,392,388,377,426,320,297,280,269,262,253,251,248,262,234,216,201,197,178,199,186,145,724
S16000109,Edinburgh Western,Females,44608,420,520,482,526,533,553,505,529,561,511,523,541,501,469,423,406,423,407,302,290,213,276,306,370,475,565,570,741,719,627,710,648,688,643,705,663,649,728,603,681,600,581,590,615,612,592,556,582,584,595,614,627,614,614,626,639,650,626,653,611,546,543,518,491,471,478,475,414,429,445,419,486,533,372,343,352,372,345,268,286,322,306,288,277,248,232,204,174,152,146,487
S16000111,"Ettrick, Roxburgh and Berwickshire",Females,34854,264,290,284,311,350,361,359,348,338,323,325,345,347,357,349,340,272,325,321,320,247,302,335,303,299,285,313,284,297,273,270,306,323,324,329,329,362,337,325,346,332,308,316,347,391,392,425,485,512,493,559,555,601,593,564,581,577,528,575,568,606,565,546,513,532,503,506,482,504,559,518,539,618,434,420,459,417,371,331,356,318,297,283,239,230,221,170,174,146,126,451
S16000112,Falkirk East,Females,41413,361,379,415,383,428,458,418,471,436,462,513,485,436,431,423,413,408,398,389,367,409,383,431,419,442,481,458,510,502,491,472,524,516,542,546,550,570,561,518,559,555,508,480,529,553,557,587,643,647,581,624,696,639,677,622,639,606,637,627,582,550,578,524,521,500,454,463,457,491,471,489,492,522,386,366,360,358,296,276,298,302,270,245,201,185,163,150,132,113,91,362
S16000113,Falkirk West,Females,40626,345,367,379,338,390,402,407,444,463,479,499,474,460,454,417,410,411,364,405,398,392,404,403,418,460,484,504,501,522,433,453,539,498,496,532,500,537,561,548,493,537,477,514,546,554,598,623,666,587,622,679,678,665,639,616,623,601,598,514,535,561,499,503,498,466,467,472,427,505,456,443,438,455,351,343,360,279,332,274,283,304,244,249,228,206,170,165,148,126,107,411
S16000114,Galloway and West Dumfries,Females,37633,283,315,318,329,312,330,343,384,386,408,372,418,415,375,375,385,344,331,323,317,292,361,341,323,391,367,375,340,378,338,349,417,377,348,365,395,365,427,406,355,375,322,307,375,384,423,433,444,500,486,557,600,594,533,657,631,629,657,621,567,614,573,546,570,534,563,557,550,541,590,514,571,629,476,462,439,468,391,334,324,318,301,300,300,246,228,219,185,158,137,527
S16000115,Glasgow Anniesland,Females,39335,379,412,385,407,410,429,410,413,471,404,403,445,421,403,375,387,362,327,304,263,297,359,404,424,485,578,700,781,716,760,718,707,683,668,684,612,662,538,592,603,503,503,497,503,469,469,507,509,525,518,572,594,559,603,570,552,587,590,504,519,536,494,450,463,402,408,348,304,325,317,333,333,338,251,250,248,248,246,209,228,215,199,218,178,207,148,141,137,139,105,483
S16000116,Glasgow Cathcart,Females,38919,404,387,381,410,419,381,406,422,414,313,336,387,368,302,355,338,330,338,302,254,277,309,369,461,493,565,672,830,773,746,779,768,758,723,685,637,636,695,634,612,556,471,457,474,494,475,413,461,555,497,507,590,505,529,548,579,490,559,570,493,472,458,480,528,458,420,393,356,364,360,320,338,388,300,276,280,222,218,208,223,205,233,183,183,153,152,126,121,121,91,397
S16000117,Glasgow Kelvin,Females,47677,316,279,294,290,255,289,280,270,258,241,221,182,188,163,157,168,195,263,906,1798,2264,2412,2362,2355,1941,1787,1631,1531,1439,1279,1262,1042,1048,899,755,684,654,565,581,508,436,467,377,444,367,355,395,403,400,405,369,417,364,411,394,440,399,340,350,335,375,291,323,312,267,273,244,241,217,235,218,219,216,189,196,170,142,133,151,134,125,145,138,116,116,91,107,76,73,64,200
S16000118,Glasgow Maryhill and Springburn,Females,38329,419,370,395,391,414,400,463,443,413,367,391,359,355,317,330,331,331,352,357,328,398,337,489,579,576,599,739,762,789,718,711,741,696,671,629,522,567,539,520,491,558,469,442,456,403,444,470,495,494,552,581,561,562,548,594,564,558,571,511,461,496,503,426,421,359,303,318,300,301,312,330,327,343,248,273,261,242,211,250,252,243,218,186,191,182,169,133,126,93,94,325
S16000119,Glasgow Pollok,Females,42926,494,463,450,492,488,530,471,525,542,477,509,460,467,433,476,404,432,426,427,346,371,404,472,454,519,559,645,768,758,741,708,689,693,639,667,576,587,611,557,561,523,511,453,479,525,512,527,574,627,632,682,615,619,636,703,684,679,672,624,610,574,538,560,489,470,452,367,388,340,371,331,342,358,278,300,294,267,242,227,246,248,229,201,199,210,207,176,138,156,110,440
S16000147,Glasgow Provan,Females,40239,398,412,437,435,427,446,417,483,470,464,419,402,377,393,362,394,391,335,328,360,341,467,504,602,603,634,747,877,866,832,816,701,737,660,595,678,623,586,589,521,500,463,441,459,412,425,472,503,545,541,583,536,564,608,546,601,606,549,542,533,498,521,432,412,392,359,300,345,329,313,328,316,351,245,221,201,259,240,240,247,226,230,224,190,182,159,147,147,105,112,410
S16000121,Glasgow Shettleston,Females,41146,433,434,428,414,453,410,422,414,472,403,391,373,351,323,340,315,334,338,402,449,532,542,636,648,724,763,838,926,900,820,881,755,698,637,671,567,621,576,543,540,525,432,392,445,438,402,490,506,517,557,591,597,518,549,607,606,595,601,586,507,507,505,461,486,414,435,381,333,378,311,357,342,357,269,284,254,257,224,224,247,219,209,198,176,191,153,129,143,126,94,304
S16000122,Glasgow Southside,Females,34513,447,416,434,426,399,406,411,385,342,324,371,332,307,307,262,252,262,262,270,224,306,362,425,499,699,623,831,929,925,869,806,849,669,621,702,665,627,614,548,588,498,444,362,420,399,368,397,384,373,390,421,429,401,392,406,415,390,396,424,390,373,366,335,309,308,265,248,245,225,249,228,219,229,181,170,192,157,158,159,169,194,157,142,126,137,128,128,116,88,102,315
S16000123,Greenock and Inverclyde,Females,37772,312,314,316,310,339,340,376,348,375,380,376,374,362,393,368,372,356,342,376,379,388,355,405,440,445,425,405,463,468,473,412,438,391,471,415,408,439,418,442,460,424,379,381,398,481,430,466,470,570,544,581,645,619,634,609,652,659,621,616,622,634,533,559,499,498,463,457,438,454,463,451,479,479,358,336,361,376,301,292,278,283,259,278,248,202,190,182,199,163,118,471
S16000124,"Hamilton, Larkhall and Stonehouse",Females,38551,379,362,427,396,383,393,405,410,388,415,449,439,382,454,379,365,389,404,383,380,410,376,445,430,439,433,473,507,506,460,443,462,471,504,494,494,526,546,547,485,439,457,394,471,471,497,529,565,589,568,621,604,599,583,618,616,544,552,539,560,516,463,504,485,469,443,431,427,412,425,422,471,513,382,344,361,303,281,296,268,266,225,221,225,201,150,142,127,108,95,326
S16000125,Inverness and Nairn,Females,46025,385,466,440,450,517,433,532,499,503,452,501,510,514,518,495,469,464,461,400,372,426,390,449,449,537,516,539,512,579,524,556,546,585,622,571,601,607,648,637,625,569,526,506,575,600,552,646,651,659,690,679,708,679,742,764,785,670,642,658,590,638,601,552,598,563,581,534,512,521,460,544,550,575,416,381,398,445,367,347,325,316,322,269,285,240,227,199,187,183,124,574
S16000126,Kilmarnock and Irvine Valley,Females,42966,373,408,406,433,437,424,461,467,461,437,467,466,420,420,447,449,438,464,428,442,441,451,402,459,470,509,490,515,536,525,520,539,551,578,543,511,484,508,548,548,510,475,463,528,527,561,574,659,697,625,652,683,707,674,689,665,672,619,641,625,593,553,585,536,531,511,542,514,459,493,490,529,587,397,398,389,366,331,308,320,263,261,279,218,202,207,175,157,108,113,429
S16000127,Kirkcaldy,Females,40591,394,399,399,443,464,445,450,472,452,479,462,481,445,418,406,406,377,404,377,361,370,329,334,415,474,485,525,539,491,507,494,499,515,505,505,469,513,460,468,442,443,425,459,461,461,494,530,543,582,593,631,627,552,623,594,622,618,608,566,532,572,548,532,498,493,511,472,489,484,486,505,492,547,417,366,398,352,318,301,322,313,254,276,258,231,199,176,145,160,121,518
S16000128,Linlithgow,Females,49041,458,508,546,536,516,593,606,569,609,589,651,626,611,558,536,518,498,534,457,445,441,461,507,498,534,628,561,555,575,600,606,671,690,713,724,660,690,705,732,692,623,644,574,676,656,637,716,763,737,734,753,753,743,720,783,677,694,675,674,648,662,594,587,540,493,531,512,454,477,466,498,515,543,419,394,402,404,355,321,301,299,304,237,246,204,206,167,173,137,103,410
S16000129,Mid Fife and Glenrothes,Females,35710,310,328,329,338,388,345,368,371,418,409,426,402,385,392,340,369,339,315,327,339,332,301,346,405,381,408,396,385,437,357,445,416,394,426,396,373,426,451,489,458,438,377,351,411,398,366,458,479,500,484,516,566,599,539,619,574,534,594,520,504,559,513,504,501,444,454,462,433,432,442,462,460,512,368,352,335,322,312,268,274,252,235,246,225,180,171,144,126,114,129,392
S16000130,Midlothian North and Musselburgh,Females,45367,467,511,490,556,574,523,544,547,596,502,498,513,441,447,449,468,409,405,519,568,517,513,485,462,489,551,612,669,564,557,614,652,592,620,636,586,575,680,628,601,581,533,532,522,549,497,500,591,682,641,644,673,676,661,666,640,719,647,659,605,579,597,583,497,506,480,443,482,497,467,495,508,523,417,365,405,365,313,293,299,264,273,247,230,221,181,170,160,132,125,402
S16000131,"Midlothian South, Tweeddale and Lauderdale",Females,41145,371,393,428,446,422,471,456,454,390,456,454,518,441,409,437,420,420,435,388,400,423,350,427,396,445,442,469,457,432,480,435,410,438,464,473,520,524,528,496,540,471,424,441,509,486,584,572,645,630,635,630,633,619,639,622,630,648,594,590,602,585,572,603,506,548,486,543,459,513,461,506,523,630,422,389,362,354,299,309,292,306,251,270,218,209,184,188,142,128,109,416
S16000132,Moray,Females,40450,327,311,369,369,377,382,405,418,437,436,460,487,437,423,457,450,437,415,385,349,331,326,377,426,443,486,459,479,399,443,460,480,470,500,515,482,461,494,442,484,464,423,417,480,493,516,558,603,627,617,619,580,602,644,631,612,640,619,598,565,534,556,560,547,522,505,499,471,523,518,474,503,580,429,443,405,388,335,320,308,285,280,241,237,271,193,193,182,158,117,477
S16000133,Motherwell and Wishaw,Females,39242,371,356,377,443,411,414,428,419,455,472,484,477,443,432,430,429,396,423,426,390,417,443,459,413,421,416,472,499,496,446,495,490,528,547,584,553,493,525,543,531,475,469,427,487,494,497,511,608,593,564,601,617,569,595,598,577,628,578,539,528,466,511,522,490,432,460,396,413,379,396,409,409,387,328,338,330,332,290,260,255,265,258,263,214,201,166,170,152,116,102,330
S16000110,Na h-Eileanan an Iar,Females,13524,103,93,113,112,115,124,140,121,124,122,133,131,160,147,130,158,149,133,134,87,94,94,100,112,99,141,116,111,96,107,124,144,147,119,122,131,143,161,142,150,177,138,169,164,167,165,174,186,173,208,220,226,195,217,220,194,215,233,210,190,204,185,188,185,199,187,169,211,199,189,199,170,208,173,134,148,169,120,147,154,120,128,113,97,91,95,89,82,64,50,234
S16000134,North East Fife,Females,39188,262,229,250,301,310,306,349,344,376,345,364,367,322,343,362,349,337,358,535,937,1070,1111,1045,763,545,449,457,410,400,409,442,439,328,337,353,354,343,355,371,411,398,373,331,375,441,399,382,490,523,491,523,566,505,563,554,562,624,522,535,563,539,508,472,463,482,502,494,503,449,473,509,529,533,401,430,422,379,354,290,307,303,312,247,256,221,193,195,163,144,136,521
S16000135,Orkney Islands,Females,11184,79,99,104,98,99,92,92,93,128,113,107,139,122,127,130,98,110,116,99,84,87,75,82,81,107,113,120,119,123,120,114,132,141,134,138,118,136,120,128,118,157,110,106,121,137,143,157,151,165,165,169,183,181,197,193,180,179,162,163,158,165,147,169,167,159,127,157,142,160,144,146,156,163,122,121,121,136,137,83,112,78,90,79,64,58,60,44,30,53,44,138
S16000136,Paisley,Females,37578,339,345,337,358,306,354,397,385,384,347,354,404,371,363,389,334,322,377,370,358,454,477,500,489,522,532,561,556,517,508,496,543,551,417,517,459,513,472,495,495,436,387,408,412,439,431,446,555,572,573,571,550,641,612,582,630,569,612,595,530,544,556,420,483,412,402,382,357,376,349,376,368,418,293,279,325,272,264,246,260,256,257,219,233,216,204,153,151,149,120,419
S16000137,Perthshire North,Females,36613,252,294,300,314,324,292,328,347,376,340,351,355,342,348,354,314,298,360,337,284,306,292,308,354,342,359,437,367,406,360,403,425,442,426,418,408,445,426,429,403,408,354,420,384,372,459,451,520,489,509,512,587,553,544,606,574,596,551,541,508,568,503,549,490,475,494,535,517,519,533,501,484,596,437,382,385,422,370,298,347,348,289,306,277,261,199,190,183,188,138,625
S16000138,Perthshire South and Kinross-shire,Females,40608,340,330,341,401,407,382,429,429,433,417,475,446,457,431,460,493,476,418,435,354,344,343,358,395,364,432,447,394,411,358,409,434,418,423,534,521,437,482,486,459,404,449,414,474,457,510,556,614,617,583,661,679,696,643,650,653,655,634,616,523,592,583,546,542,546,489,520,462,488,482,517,512,547,419,411,367,411,371,331,298,327,304,265,259,233,215,170,185,157,151,617
S16000139,Renfrewshire North and West,Females,34443,280,343,307,331,338,350,325,340,401,367,348,382,345,380,332,361,324,326,345,352,332,329,338,363,380,382,394,420,409,407,356,445,428,417,403,424,459,427,426,441,435,422,366,396,454,416,456,468,550,510,525,541,545,544,563,490,497,519,549,487,458,478,462,453,443,480,402,413,441,403,450,444,472,347,359,340,273,265,246,213,224,201,221,187,165,157,136,127,108,98,387
S16000140,Renfrewshire South,Females,35964,320,356,336,360,362,389,404,396,417,376,381,418,375,394,431,377,415,344,394,362,347,378,396,390,364,363,432,480,440,404,431,459,436,413,383,423,410,451,427,412,438,383,337,368,396,453,477,498,522,594,544,651,616,577,589,640,548,557,557,510,537,501,473,407,424,414,412,349,429,390,422,389,400,312,327,315,307,295,271,272,271,259,248,227,198,191,147,124,120,97,335
S16000141,Rutherglen,Females,40574,418,419,420,435,447,448,423,448,472,438,416,440,419,424,389,406,344,324,421,375,391,395,402,421,449,472,466,516,485,505,519,470,513,585,561,543,516,596,603,555,598,528,491,513,523,531,535,566,628,594,543,571,603,580,654,639,603,619,605,589,558,542,569,567,532,545,480,488,435,439,452,463,452,337,313,326,313,277,281,276,245,253,205,204,176,181,172,120,127,87,357
S16000142,Shetland Islands,Females,11235,103,107,112,128,128,119,138,129,123,127,142,113,132,171,114,112,122,108,113,101,91,98,108,104,116,109,115,120,141,137,125,134,157,123,130,126,122,129,160,136,129,118,159,125,131,151,149,155,186,171,161,173,164,158,160,188,173,166,168,149,130,148,150,162,165,138,141,122,144,140,131,115,133,100,126,91,124,114,83,85,71,71,62,51,66,53,43,34,29,30,126
S16000143,"Skye, Lochaber and Badenoch",Females,38865,258,308,313,331,344,349,344,399,398,418,374,416,394,421,399,441,404,384,370,320,318,364,286,333,323,400,356,358,379,381,351,401,457,377,419,438,445,466,455,452,421,383,405,471,463,479,500,591,613,609,619,621,589,622,712,686,624,636,669,628,611,622,587,575,538,553,597,562,505,571,521,564,562,431,397,439,384,318,304,317,298,261,229,255,241,163,176,148,134,115,402
S16000144,Stirling,Females,39966,316,368,337,394,380,381,391,425,407,385,383,397,416,415,411,404,393,362,365,517,643,699,693,585,533,517,524,568,553,584,588,527,474,448,466,409,447,496,405,455,491,493,452,437,440,434,551,557,610,643,580,603,578,618,633,620,617,567,617,534,517,478,471,443,440,459,423,401,434,398,411,443,507,360,335,360,348,319,283,263,279,237,255,230,207,173,136,158,102,93,467
S16000148,Strathkelvin and Bearsden,Females,41438,375,355,408,406,478,467,464,433,492,439,459,459,421,429,427,399,401,421,378,375,396,401,385,431,385,426,411,472,405,371,409,440,402,431,400,471,463,454,515,541,473,474,474,475,465,499,527,571,635,591,596,611,659,650,628,670,670,677,659,624,652,624,620,573,526,534,491,475,468,501,522,501,565,410,407,433,437,329,355,331,362,321,343,256,247,245,202,199,147,161,478
S16000146,Uddingston and Bellshill,Females,38358,380,377,390,382,442,402,405,390,431,430,407,446,408,449,423,418,428,414,393,406,404,428,457,392,412,433,457,442,447,455,511,469,491,489,487,510,530,533,568,523,484,463,420,507,466,481,527,525,560,570,609,564,599,633,585,548,575,574,575,584,583,545,552,476,484,445,476,429,393,415,368,434,402,341,297,320,272,276,247,254,224,213,187,198,179,141,129,127,103,73,267
,,,,,,,,,,,,,,,,,,,,,,,,,,,,,,,,,,,,,,,,,,,,,,,,,,,,,,,,,,,,,,,,,,,,,,,,,,,,,,,,,,,,,,,,,,,,,,
 Crown Copyright 2020,,,,,,,,,,,,,,,,,,,,,,,,,,,,,,,,,,,,,,,,,,,,,,,,,,,,,,,,,,,,,,,,,,,,,,,,,,,,,,,,,,,,,,,,,,,,,,
